상권_코드,상권_코드_명,엑스좌표_값,와이좌표_값,자치구_코드_명,행정동_코드_명,경도,위도
3110055,황학동벼룩시장,201642,452260,중구,황학동,127.01858665039832,37.56987904492781
3110008,배화여자대학교(박노수미술관),197093,453418,종로구,청운효자동,126.9670895683088,37.58030943835253
3110009,자하문터널,196991,455057,종로구,부암동,126.96592808590958,37.59507637869068
3110010,평창동서측,197064,456643,종로구,평창동,126.96674832970702,37.60936632114107
3110017,정독도서관,198581,453781,종로구,가회동,126.98393465833044,37.583583539469174
3110018,중앙고등학교,198883,453690,종로구,가회동,126.98735391827724,37.58276405131138
3110019,창덕궁,199222,452926,종로구,종로1?2?3?4가동,126.9911927073349,37.57588080606533
3110020,서울국제고등학교,199598,454302,종로구,혜화동,126.9954484333874,37.58827871837829
3110001,이북5도청사,196262,456660,종로구,평창동,126.95766519329227,37.60951658051797
3110002,독립문역 1번,196220,452912,종로구,무악동,126.95720886112564,37.57574723987454
3110003,세검정초등학교,196389,455998,종로구,부암동,126.95910679987408,37.60355253658663
3110004,대신고등학교,196517,452627,종로구,교남동,126.96057237511422,37.57318057632959
3110035,동묘앞역 2번,201699,452879,종로구,숭인2동,127.01923329716882,37.57545610038485
3110011,청운초등학교,197219,454141,종로구,청운효자동,126.96851328295918,37.58682400830492
3110012,성곡미술관,197292,452641,종로구,사직동,126.96934533653334,37.57330931964528
3110013,체부동홍종문가옥,197340,453202,종로구,사직동,126.96988666293326,37.5783640380782
3110014,경복고등학교,197484,453952,종로구,청운효자동,126.97151428391328,37.58512189400342
3110015,청와대사랑채,197585,453623,종로구,청운효자동,126.97265887241487,37.582157896694056
3110016,평창동동측,197827,457040,종로구,평창동,126.9753885072359,37.61294536602926
3110005,세검정,196688,455706,종로구,부암동,126.96249418113779,37.60092276960328
3110006,부암동주민센터,196701,454714,종로구,부암동,126.96264586419525,37.591984983800906
3110007,사직공원(한국사회과학도서관),196895,452714,종로구,사직동,126.96485097296461,37.573965793267824
3110037,신설동역 12번,201949,453159,종로구,숭인2동,127.02206413216838,37.577978389479746
3110038,경향신문사,197253,451928,중구,소공동,126.96890652578769,37.56688510789925
3110039,회현역 1번,198305,450967,중구,회현동,126.98081640265393,37.55822906707704
3110021,성균관대학교,199759,453776,종로구,혜화동,126.99727149747922,37.58353955150116
3110022,경신고등학교,199921,454166,종로구,혜화동,126.99910555256606,37.587053452651496
3110023,서울대병원,200139,453265,종로구,이화동,127.00157360371887,37.578935494743384
3110024,혜화동주민센터,200121,454192,종로구,혜화동,127.00136998074275,37.587287706215974
3110025,충신시장옆,200370,452813,종로구,종로5?6가동,127.00418850120057,37.57486293640551
3110026,종로5가역 4번,200477,452601,종로구,종로5?6가동,127.00539963254758,37.57295277820339
3110027,혜화역 1번,200507,453618,종로구,이화동,127.00573993541379,37.58211587382123
3110028,이화달팽이길,200575,452995,종로구,이화동,127.0065092999959,37.57650264132745
3110029,동대문역 1번,200934,452953,종로구,창신2동,127.01057331374025,37.57612392961357
3110030,동대문역 3번,201063,452656,종로구,창신1동,127.01203322302788,37.57344783562387
3110031,창신역 1번,201298,453314,종로구,창신3동,127.01469460184781,37.579376077698974
3110032,수족관거리,201321,452326,종로구,창신1동,127.01495320377123,37.570474218010425
3110033,창신역 4번,201471,453118,종로구,숭인1동,127.01665273399279,37.57760986925303
3110034,창신1동주민센터,201508,452344,종로구,창신1동,127.01707000762674,37.57063611007315
3110057,황학코아루아파트,202013,451863,중구,황학동,127.02278510211976,37.56630135637733
3110058,성심여자고등학교,195949,448136,용산구,원효로2동,126.95416739258842,37.53271444536362
3110059,새남터성지,196084,447363,용산구,이촌2동,126.95569888787642,37.52575028754142
3110036,동묘앞역 3번,201783,452612,종로구,숭인2동,127.02018355835784,37.57305028574799
3110040,중구회현체육센터(정화예술대남산캠퍼스),198420,450734,중구,회현동,126.98211844625749,37.55612994758037
3110041,남산케이블카,198659,450764,중구,명동,126.98482325928379,37.5564006254871
3110042,남산골공원옆,199565,450784,중구,필동,126.99507688426245,37.55658169774501
3110043,충무초등학교,200090,451226,중구,장충동,127.00101862988308,37.56056420346717
3110044,관성묘,200294,451298,중구,장충동,127.00332755313305,37.5612128786751
3110045,동대문역사문화공원역 5번,200434,451428,중구,장충동,127.0049121791401,37.56238411905503
3110046,버티고개,200514,450225,중구,다산동,127.0058168073455,37.55154507908497
3110047,다산성곽길,200639,450609,중구,다산동,127.00723173486928,37.55500483313109
3110048,장충동주민센터,200749,451274,중구,장충동,127.00847731320725,37.56099638199899
3110049,장충단 고개,200898,450889,중구,다산동,127.01016325011474,37.557527410235856
3110053,청구역 1번,201118,451376,중구,신당동,127.01265387519811,37.56191502489969
3110054,청구역 3번,201174,450806,중구,청구동,127.0132867887912,37.5567792722277
3110056,신당역 3번,201855,451480,중구,신당5동,127.02099573525913,37.562850872583056
3110079,후암동주민센터,198162,450065,용산구,후암동,126.97920022239718,37.55010179303207
3110080,해방촌예술마을,198518,449757,용산구,후암동,126.98322952776942,37.5473273581668
3110081,해방촌 남동측,198634,449401,용산구,용산2가동,126.98454285856135,37.544119980506025
3110050,약수역 7번,200868,450316,중구,약수동,127.00982304292711,37.55236472210246
3110051,한양공고앞 교차로,200997,451576,중구,신당동,127.01128463101034,37.5637171567379
3110052,장충초등학교,201128,451117,중구,다산동,127.01276666015386,37.55958143097188
3110060,효창공원앞역 6번,196339,448750,용산구,용문동,126.9585767524867,37.538248218205545
3110061,효창동주민센터,196409,449179,용산구,효창동,126.95936668628885,37.54211378231579
3110062,한강로동땡땡거리(은행나무길),196643,447278,용산구,한강로동,126.96202315666443,37.524986638584856
3110063,효창공원앞역 5번,196702,448664,용산구,용문동,126.96268438684383,37.53747472736998
3110064,효창공원앞역 2번,196816,449203,용산구,효창동,126.96397191654081,37.542331517069975
3110082,용산구청,199212,448107,용산구,이태원1동,126.99108467693513,37.53246171216063
3110083,서빙고역 1번,199271,446786,용산구,서빙고동,126.99175350506796,37.5205595234227
3110084,경리단길북측,199236,449136,용산구,이태원2동,126.9913551393898,37.54173302689627
3110085,경리단길남측,199260,448806,용산구,이태원2동,126.99162703817964,37.53875974659307
3110086,이태원역 북측,199383,448588,용산구,이태원1동,126.99301894331595,37.53679565632451
3110065,남정초등학교,196844,448550,용산구,원효로1동,126.96429155222101,37.53644808379059
3110066,서울역 15번,197079,450403,용산구,청파동,126.96694307959059,37.55314437161729
3110067,배문고등학교,197116,449954,용산구,청파동,126.96736357210598,37.54909900636352
3110068,남영역 1번,197107,449013,용산구,원효로1동,126.96726543215075,37.54062057647328
3110069,숙대입구,197161,449524,용산구,청파동,126.9678744716527,37.545224851300794
3110070,용산세무서,197188,447141,용산구,한강로동,126.96818911909422,37.52375408705928
3110071,한강미주맨션아파트,197152,446831,용산구,이촌1동,126.96778306850037,37.52096086871952
3110072,열정도,197247,448836,용산구,원효로1동,126.96885020857862,37.539026235143446
3110073,삼각지역 3번,197578,447973,용산구,한강로동,126.97259826981191,37.53125152806751
3110074,서울역 12번,197716,450166,용산구,남영동,126.97415273729469,37.551010804376816
3110075,숙대입구역 1번,197679,449714,용산구,남영동,126.9737354497403,37.54693819857306
3110076,삼각지역 14번,197737,448386,용산구,한강로동,126.97439587249721,37.534973065762415
3110077,삼광초등학교,197919,449884,용산구,후암동,126.97645081947958,37.54847046930043
3110078,이촌동점보아파트,198068,446532,용산구,이촌1동,126.97814575970818,37.51826924146274
3110110,상왕십리역 6번,202454,451618,성동구,왕십리2동,127.02777595118324,37.56409284717007
3110111,대현산장미원,202636,450338,성동구,응봉동,127.02983134596822,37.55255958190154
3110087,이태원엔틱가구거리,199502,448055,용산구,이태원1동,126.99436573207079,37.53199339365142
3110088,오산고등학교,199685,447296,용산구,서빙고동,126.99643648116178,37.525154870964045
3110089,서빙고동주민센터,199668,446947,용산구,서빙고동,126.99624432190274,37.52201036621853
3110090,한국폴리텍대학서울정수캠퍼스,199734,447571,용산구,보광동,126.99699070678436,37.52763264213135
3110091,리움미술관,199856,448602,용산구,한남동,126.99837070687353,37.53692199149617
3110092,NH농협은행 보광동지점,199990,447728,용산구,보광동,126.99988686653968,37.529047253229294
3110093,우사단길,200024,448092,용산구,한남동,127.00027153219374,37.532326898187094
3110094,오산중학교,200102,447300,용산구,보광동,127.00115390189413,37.52519095917811
3110095,한강진역 3번,200198,448658,용산구,한남동,127.00224029314316,37.537426541732394
3110096,한남힐사이드아파트,200260,449313,용산구,한남동,127.0029420309497,37.543328076010035
3110097,한남초등학교,200536,448696,용산구,한남동,127.00606465965808,37.53776878739838
3110098,서울독일학교,200952,448510,용산구,한남동,127.01077131857866,37.53609259101001
3110099,유엔빌리지길,201076,448324,용산구,한남동,127.01217403299694,37.53441659338167
3110100,옥수동우편취급국,200870,449042,성동구,옥수동,127.0098441670749,37.54088599319175
3110101,옥정중학교,201109,449012,성동구,옥수동,127.01254843888394,37.540615436825334
3110102,옥수역 6번,201423,449294,성동구,옥수동,127.01610192459853,37.54315582494073
3110103,옥수터널,201450,449586,성동구,금호4가동,127.0164080190828,37.54578670080503
3110104,신금호역 4번,201782,450233,성동구,금호2?3가동,127.02016645992701,37.55161558009325
3110108,성동구립금호도서관,202208,450534,성동구,금호1가동,127.02498830324593,37.55432666209703
3110109,금호삼성래미안아파트,202316,450083,성동구,금호1가동,127.02620913408614,37.55026289597211
3110129,성원어린이공원,204438,450088,성동구,성수1가2동,127.05022288091031,37.550300173836135
3110130,답십리역 6번,204631,451780,성동구,용답동,127.05241765359236,37.56554409202081
3110131,성수동카페거리,204716,449234,성동구,성수2가1동,127.05336339732489,37.54260426552024
3110132,성수2가3동주민센터,204767,449989,성동구,성수2가3동,127.05394538390803,37.54940654342987
3110136,경수초등학교,205299,449009,성동구,성수2가1동,127.05995864535373,37.540573851759774
3110105,금동어린이공원,202076,449956,성동구,금호2?3가동,127.02349280272007,37.549119199553864
3110106,금북초등학교,202140,450763,성동구,금호1가동,127.02421940373985,37.55639010690916
3110107,금호사거리,202203,449734,성동구,금호4가동,127.02492931657964,37.5471186877979
3110112,행당역 2번,202776,451078,성동구,행당1동,127.03141851074179,37.559226552054376
3110113,응봉산,202786,449918,성동구,응봉동,127.03152728660245,37.54877494821614
3110114,왕십리파출소,202776,451985,성동구,왕십리도선동,127.03142194280784,37.56739858855162
3110133,서울교통공사,205004,451461,성동구,용답동,127.05663741161975,37.56266796519802
3110134,성수119안전센터,205062,448509,성동구,성수2가1동,127.05727352526394,37.536070183843606
3110135,성동세무서,205254,449984,성동구,송정동,127.0594564430696,37.549358847126776
3110115,상왕십리역 3번,202799,451762,성동구,왕십리도선동,127.03168143212821,37.56538929826772
3110116,청계천박물관,203093,452318,성동구,마장동,127.03501151510875,37.57039789376655
3110117,성동구보건소,203124,451949,성동구,마장동,127.03536085082358,37.567073116003144
3110118,왕십리역 9번,203170,450924,성동구,행당1동,127.03587710019502,37.55783774584384
3110119,마장지하차도,203308,451914,성동구,마장동,127.03744340594395,37.5667571253321
3110120,서울숲카페거리,203629,449746,성동구,성수1가2동,127.04106609796341,37.54722229826109
3110121,한양대역 4번,203699,450806,성동구,사근동,127.04186356587266,37.55677259819984
3110122,마장역 2번,203900,452033,성동구,마장동,127.04414491255056,37.56782699467488
3110123,마장역 3번,203977,451906,성동구,마장동,127.04501580273998,37.56668240119376
3110124,뚝섬역교차로,204001,450061,성동구,성수1가2동,127.04527739974368,37.5500589042001
3110125,사근동살곶이상점가,204116,451277,성동구,사근동,127.04658561903601,37.56101452557501
3110126,서울숲역 1번,204113,449554,성동구,성수1가1동,127.04654200941053,37.54549034888927
3110127,성수1가1동주민센터,204367,449119,성동구,성수1가1동,127.0494136424359,37.54156983482148
3110128,성원중학교,204412,448741,성동구,성수1가1동,127.04992055728603,37.53816384184272
3110157,자양동우체국,207135,447836,광진구,자양2동,127.08072173589979,37.52999274825613
3110158,중곡3동주민센터,207154,452135,광진구,중곡3동,127.08097858537985,37.56872649117577
3110159,구의역 4번,207146,448388,광진구,자양1동,127.0808515528512,37.534966184561476
3110160,광진경찰서,207370,449364,광진구,구의1동,127.08339573336079,37.543758173937306
3110137,성수초등학교,205519,449630,성동구,성수2가3동,127.06245263029955,37.54616776510738
3110138,송정체육공원,205936,450143,성동구,송정동,127.06717551903371,37.550787295336974
3110139,자양4동주민센터,205610,448404,광진구,자양4동,127.06347301482698,37.53512096389572
3110140,건대입구역 6번,205807,448790,광진구,자양4동,127.06570497470408,37.538597604470354
3110141,건대입구역 1번,205871,449295,광진구,화양동,127.06643315762537,37.54314724564189
3110142,화양사거리,206028,449645,광진구,화양동,127.06821255940088,37.54629972809252
3110144,어린이대공원역 4번,206355,449631,광진구,화양동,127.07191275197118,37.54617139278924
3110145,장안초등학교,206431,449938,광진구,군자동,127.07277545132337,37.548936930148834
3110146,신자초등학교,206474,448005,광진구,자양3동,127.07324501528619,37.531520314025855
3110147,능동우편취급국,206519,450742,광진구,군자동,127.07377843003759,37.55618033078989
3110148,어린이대공원역 3번,206673,449538,광진구,화양동,127.07551037056552,37.545331218019335
3110149,세종대학교,206730,450336,광진구,군자동,127.07616268636023,37.55252076660446
3110150,중곡1동 마을마당,206780,451324,광진구,중곡1동,127.0767376585975,37.56142224668868
3110151,자양한강도서관,206813,447963,광진구,자양2동,127.07707997341757,37.531139452835596
3110152,중곡어린이공원,206897,451708,광진구,중곡1동,127.07806550149179,37.56488120178216
3110153,중곡1동주민센터,207018,451220,광진구,중곡1동,127.0794304023093,37.56048342937615
3110156,군자역 5번,207110,450472,광진구,능동,127.08046441912305,37.55374327045005
3110174,아차산역 1번,208044,450658,광진구,중곡4동,127.0910365963174,37.55541144781092
3110175,푸른동산공원,208057,449077,광진구,구의3동,127.0911663709489,37.541166562279685
3110178,장로회신학대학교,209139,449838,광진구,광장동,127.1034188452257,37.548013069290455
3110179,광나루역 1번,209122,449629,광진구,광장동,127.10322387327058,37.54613015293001
3110154,광진정말공원,206980,448178,광진구,자양1동,127.07897139566221,37.53307535534298
3110155,광진구청,207007,448746,광진구,자양1동,127.07928228984191,37.53819282960434
3110161,중곡역 3번,207394,452066,광진구,중곡3동,127.08369452966215,37.56810291017622
3110162,군자역 4번,207315,450952,광진구,중곡2동,127.08278920214391,37.55806645047751
3110143,뚝섬유원지역 1번,206062,448266,광진구,자양3동,127.06858591973413,37.53387472420694
3110176,해오름공원,208142,450925,광진구,중곡4동,127.09214865556346,37.557816247579865
3110177,동의초등학교,208409,450329,광진구,구의2동,127.09516364702064,37.55244391167489
3110163,성자초등학교,207457,447914,광진구,자양2동,127.08436546700541,37.53069298250582
3110164,아차산역 5번,207531,450418,광진구,능동,127.08522834987414,37.55325338910614
3110165,국립정신건강센터,207575,451405,광진구,중곡2동,127.08573648594626,37.56214586200675
3110166,구의1동주민센터,207558,449057,광진구,구의1동,127.08551989838477,37.54099058656442
3110167,용마초등학교,207600,450940,광진구,중곡2동,127.08601462792421,37.557956025147156
3110168,대원고등학교,207751,451529,광진구,중곡4동,127.0877298231472,37.563261633023764
3110169,성동초등학교,207787,448123,광진구,자양2동,127.08810116387241,37.532573346901124
3110170,동대부여고,207834,449143,광진구,구의1동,127.08864379358764,37.54176314249194
3110171,중곡4동주민센터,207882,451145,광진구,중곡4동,127.08920842188094,37.55980069876591
3110172,광진초등학교,207912,449734,광진구,구의2동,127.08953275126271,37.5470873761971
3110173,구남초등학교,208034,448444,광진구,구의3동,127.09089919867607,37.53546343842295
3110180,광진정보도서관,209612,449948,광진구,광장동,127.10877284422423,37.54899935681124
3110181,신설동역 9번,202420,452524,동대문구,용신동,127.02739410669473,37.57225595717022
3110182,용두희망어린이공원,202420,453440,동대문구,용신동,127.02739713026659,37.58050906531533
3110183,한국의류시험연구원,202502,453159,동대문구,용신동,127.0283245035762,37.577977053366055
3110206,텃골근린공원,204578,453280,동대문구,전농1동,127.05182711868238,37.57905927730038
3110207,시립대앞사거리,204615,453829,동대문구,전농1동,127.05224944885282,37.5840055457555
3110208,시조사삼거리,204642,454283,동대문구,회기동,127.05255800941232,37.58809591637845
3110209,답십리 장령당공원,204595,452273,동대문구,답십리1동,127.05201326325202,37.569986179498024
3110184,용두사거리,202616,453006,동대문구,용신동,127.02961452237629,37.576598215552956
3110185,용두초등학교,202597,452773,동대문구,용신동,127.0293986069025,37.57449895224492
3110186,종암초등학교,202689,453592,동대문구,제기동,127.03044307101194,37.58187782946985
3110187,제기동역 6번,202876,452949,동대문구,용신동,127.03255763774018,37.576083873726574
3110188,용두동신동아아파트,202873,452509,동대문구,용신동,127.0325219523249,37.57211950664692
3110189,제기동역 1번,202945,453360,동대문구,제기동,127.03334040032198,37.57978674126847
3110190,고대앞사거리,203021,453940,동대문구,제기동,127.03420318826822,37.58501225661796
3110195,동대문구청,203596,452957,동대문구,용신동,127.04070840517555,37.57615342395652
3110196,홍릉근린공원,203626,454245,동대문구,청량리동,127.04105439111026,37.587758100801
3110197,세종대왕기념관교차로,203649,454572,동대문구,청량리동,127.04131643081573,37.59070425456956
3110198,동대문중앙새마을금고본점,203744,453658,동대문구,제기동,127.04238741447575,37.58246880047867
3110199,홍릉시장,203766,453910,동대문구,제기동,127.04263778068552,37.58473921335797
3110200,동대문경찰서,203921,453959,동대문구,청량리동,127.04439291652311,37.585180052932714
3110201,전농119안전센터,204076,452936,동대문구,전농1동,127.04614211184621,37.57596221631625
3110202,전농1동주민센터(전농시장),204193,453064,동대문구,전농1동,127.04746733493131,37.57711496364349
3110203,떡전교사거리,204277,453931,동대문구,청량리동,127.04842332523857,37.58492619031005
3110191,고려대역 6번,203181,454240,동대문구,제기동,127.03601597985491,37.58771469603436
3110192,동의보감타워,203304,453083,동대문구,용신동,127.03740339685274,37.577289770260045
3110193,고려대역 4번,203326,454482,동대문구,제기동,127.03765879988195,37.58989458516888
3110194,홍파초등학교,203549,453894,동대문구,제기동,127.04018087997777,37.584595916352306
3110204,간데메공원,204495,452665,동대문구,답십리1동,127.05088371301225,37.573518572379605
3110205,경희대삼거리,204533,454605,동대문구,회기동,127.0513258738915,37.59099765389255
3110228,장안근린공원,206152,452923,동대문구,장안2동,127.0696432221665,37.5758335619501
3110229,장평중학교,206184,451672,동대문구,장안1동,127.06999492654315,37.56456190380795
3110230,장안현대홈타운1차아파트,206324,452165,동대문구,장안2동,127.07158379588344,37.56900286007882
3110231,장안교,206478,453482,동대문구,장안2동,127.07333861604,37.58086788021461
3110232,동대부고,206490,453086,동대문구,장안2동,127.07347096415802,37.577299862320345
3110223,군자초등학교,205576,451597,동대문구,장안1동,127.06311258247126,37.56389003637337
3110224,외대앞역 2번,205611,454967,동대문구,휘경1동,127.06353452878629,37.59425330406559
3110225,촬영소사거리,205617,452236,동대문구,답십리2동,127.06358153868928,37.569647147721206
3110210,서울시립대,204784,454008,동대문구,전농1동,127.05416397669767,37.585617460347805
3110211,전곡마을마당공원,204828,453365,동대문구,전농1동,127.05465790447084,37.5798238453243
3110212,답십리초등학교,204987,452276,동대문구,답십리1동,127.05645053947013,37.570011170999635
3110213,청량초등학교,205004,454831,동대문구,이문1동,127.05666041481288,37.59303145545398
3110214,경희대후문,204987,455329,동대문구,이문1동,127.056471314137,37.59751848344088
3110215,회기역 1번,205156,454641,동대문구,휘경1동,127.05838017647953,37.59131873274638
3110216,전농중학교,205156,453263,동대문구,전농2동,127.0583704812324,37.57890305419834
3110217,자동차부품상가,205207,451743,동대문구,답십리2동,127.05893705293438,37.56520764897779
3110218,답십리사거리,205138,452341,동대문구,답십리2동,127.05816024441098,37.57059598801341
3110219,삼육보건대학교,205315,454241,동대문구,휘경2동,127.06017759350853,37.587713860831755
3110220,외대앞역 1번,205403,455074,동대문구,이문1동,127.06118009171786,37.59521860885541
3110221,의릉,205397,456047,성북구,석관동,127.06111932250863,37.60398528040108
3110222,회기역 2번,205428,454564,동대문구,휘경1동,127.06145939648698,37.59062340568325
3110226,장안1동주민센터,205884,452160,동대문구,장안1동,127.06660322921046,37.568960725192056
3110227,답십리공원,205920,452959,동대문구,답십리2동,127.06701717715495,37.57615943992586
3110254,오거리공원,207331,453019,중랑구,면목7동,127.08299094516109,37.57668988738031
3110255,상봉역 4번,207311,454906,중랑구,상봉2동,127.0827833599205,37.593691768235416
3110233,중랑역 1번,206528,455158,중랑구,중화2동,127.07391960683593,37.59596815056542
3110234,중랑역 4번,206502,454920,중랑구,중화2동,127.07362308419515,37.59382397632805
3110235,세화어린이공원,206594,455445,중랑구,중화2동,127.07466953919862,37.598553522824396
3110236,신묵초등학교,206616,456591,중랑구,묵2동,127.07492901956759,37.60887870447146
3110237,메가박스 상봉,206601,454652,중랑구,면목2동,127.07474165969481,37.591408615387756
3110238,배꽃어린이공원,206668,456017,중랑구,중화2동,127.07551271298087,37.603706651767816
3110239,중랑역 2번,206763,455188,중랑구,중화2동,127.07658089696211,37.59623675120172
3110243,중랑노인종합복지관,206888,454287,중랑구,면목2동,127.0779878628827,37.58811789372319
3110244,중화역 4번,206912,455985,중랑구,중화2동,127.07827562121437,37.60341653482143
3110245,KB국민은행 중화동지점,206956,455282,중랑구,중화2동,127.0787672252466,37.59708224403993
3110246,월드순복음교회,206971,454832,중랑구,상봉2동,127.07893279696668,37.593027672289224
3110247,먹골역 1번,207001,456738,중랑구,묵1동,127.07929071096504,37.610200308625146
3110248,먹골파출소,207107,457297,중랑구,묵1동,127.08049665488883,37.61523601878214
3110249,중화역 1번,207071,456080,중랑구,중화1동,127.08007714819284,37.60427126674587
3110250,화랑대역 7번,207225,457577,중랑구,묵1동,127.08183593250513,37.61775786420861
3110240,태릉시장 특화거리,206782,455390,중랑구,중화2동,127.07679791399993,37.598056612126726
3110241,먹골역 5번,206829,456519,중랑구,묵2동,127.07734066163741,37.60822843634927
3110242,면목5동주민센터,206907,453904,중랑구,면목5동,127.07819937597111,37.58466695176947
3110251,장안중학교,207245,455571,중랑구,중화1동,127.08204261261062,37.59968387623888
3110252,장안제일시장,207210,453972,중랑구,면목5동,127.0816305342528,37.58527730400473
3110253,중곡초등학교,207294,452626,중랑구,면목4동,127.08256817561062,37.57314927575237
3110277,러스크서울병원,209068,455483,중랑구,망우본동,127.10268520613624,37.598874850037376
3110278,망우본동주민센터,209142,455775,중랑구,망우본동,127.10352681954076,37.60150500683647
3110272,신내1동주민센터,208691,456291,중랑구,신내1동,127.09842568909319,37.60615847906632
3110273,장스여성병원,208719,455672,중랑구,신내1동,127.09873541769939,37.600581092452465
3110256,면목2동체육관,207297,454482,중랑구,면목2동,127.0826206130532,37.589871676851374
3110257,상봉역 7번,207583,455462,중랑구,상봉1동,127.08586900294162,37.598699074518215
3110258,면동초등학교,207582,454086,중랑구,면목본동,127.08584343751289,37.58630144712347
3110259,사가정역 1번,207605,453638,중랑구,면목3?8동,127.08609919438236,37.582264812341826
3110260,면목역 3번,207615,454450,중랑구,면목본동,127.08622084620522,37.58958078442301
3110261,사가정역 4번,207796,453176,중랑구,면목7동,127.08825666448381,37.57810062863918
3110262,상봉역 3번,207850,454983,중랑구,상봉2동,127.08888734246219,37.5943810926847
3110263,면목역 1번,207934,454695,중랑구,면목본동,127.08983537331045,37.59178551911678
3110264,면목역 2번,208090,454193,중랑구,면목본동,127.09159619054651,37.58726118530816
3110265,망우역 1번,208182,455535,중랑구,상봉1동,127.0926528164819,37.59935166722568
3110266,면목동우체국,208094,453739,중랑구,면목3?8동,127.09163646470414,37.5831706467708
3110267,망우역 2번,207896,455693,중랑구,상봉1동,127.08941586511447,37.60077772897528
3110268,망우3동주민센터,208341,454702,중랑구,망우3동,127.09444384127862,37.591844991057506
3110269,용마문화복지센터,208386,454301,중랑구,면목3?8동,127.09494877873335,37.5882316079015
3110270,혜원여고,208593,454695,중랑구,망우3동,127.09729711212769,37.59177960411285
3110271,신내역 1번,208737,457334,중랑구,신내1동,127.0989590897488,37.615555346402026
3110274,서일대학교,208722,454449,중랑구,면목3?8동,127.09875482708568,37.58956195338933
3110275,하나은행 망우동지점,208807,455418,중랑구,망우본동,127.0997288883947,37.59829174113322
3110276,신내IC북측,209033,457638,중랑구,신내1동,127.10231546366488,37.61829148719481
3110320,KB국민은행 종암동지점,203263,455041,성북구,종암동,127.03694796929915,37.59493135476554
3110321,동덕여대,203580,456395,성북구,월곡1동,127.04054407836352,37.60712958714902
3110322,장위1동주민센터,203690,457290,성북구,장위1동,127.04179435821293,37.61519300306757
3110323,상월곡역 1번,203943,456250,성북구,월곡2동,127.04465432991722,37.605821668355986
3110279,신내역 2번,209821,457041,중랑구,신내1동,127.11123299633104,37.61290451995758
3110280,북정마을,199134,454845,성북구,성북동,126.99019424206371,37.59317078671974
3110281,길상사,199476,455329,성북구,성북동,126.99406637755725,37.597531843936665
3110282,국민대학교앞,199894,456476,성북구,정릉3동,126.99879952100844,37.607866347041465
3110283,성북초등학교앞,199941,454796,성북구,성북동,126.99933194422123,37.59272970611246
3110284,정릉북한산국립공원입구,199916,457667,성북구,정릉4동,126.99904854031827,37.6185971259526
3110285,홍대부중,200122,454958,성북구,성북동,127.00138143045521,37.5941893066819
3110286,한성대입구역 5번,200267,454472,성북구,성북동,127.00302311738922,37.58981045467751
3110287,정릉3동주민센터,200322,456640,성북구,정릉3동,127.00364681020984,37.609343919599404
3110288,동구여중,200468,454617,성북구,성북동,127.00529903995135,37.59111681326029
3110289,북한산보국문역 2번,200613,456596,성북구,정릉3동,127.00694249312983,37.60894733639276
3110290,북한산보국문역 1번,200797,457090,성북구,정릉4동,127.00902691154116,37.61339808159277
3110298,솔숲어린이공원,201379,456103,성북구,정릉1동,127.0156168492766,37.60450462764689
3110299,정릉역 1번,201588,455814,성북구,정릉1동,127.01798309800381,37.60190042877038
3110300,삼선동주민센터,201728,454413,성북구,안암동,127.01956520434038,37.58927728633153
3110301,성신여대입구역 7번,201622,455143,성북구,동선동,127.01836664037195,37.59585472017824
3110302,보문역 8번,201699,453779,성북구,보문동,127.01923538316017,37.58356504559915
3110303,성신여대입구역 1번,201864,454954,성북구,동선동,127.02110643481099,37.59415138795524
3110304,보문역 4번,201853,454151,성북구,안암동,127.02097984870431,37.58691644266694
3110305,보문역 5번,201956,453872,성북구,안암동,127.02214528008177,37.58440245928824
3110306,미아초등학교,201991,456550,성북구,길음1동,127.02254882002873,37.6085309312644
3110307,길음역 7번,202044,456064,성북구,길음1동,127.02314770784841,37.60415200470216
3110308,길음역 8번,202156,456410,성북구,길음2동,127.02441709427482,37.607269174073934
3110309,대광초등학교,202174,453492,성북구,안암동,127.02461228720487,37.58097819555142
3110291,한성대입구역 3번,200879,454012,성북구,삼선동,127.00995195817097,37.58566550742506
3110292,정릉역 2번,200997,456070,성북구,정릉2동,127.01129074465919,37.60420779405496
3110293,삼선중학교,200919,454642,성북구,성북동,127.01040562471103,37.59134172158123
3110294,서경대학교,201084,456815,성북구,정릉4동,127.01227709840207,37.61092006857486
3110295,정릉우체국,201097,456370,성북구,정릉2동,127.01242366605265,37.606910650147945
3110296,성신여대입구역 4번,201319,454904,성북구,동선동,127.01493520393063,37.59370183429791
3110297,경동고등학교,201254,454294,성북구,삼선동,127.01419815660745,37.588205872807336
3110310,길음역 10번,202327,456085,성북구,길음2동,127.02635266731652,37.604340540516574
3110311,종암아이파크2차후문,202513,455454,성북구,종암동,127.0284569029531,37.59865480140486
3110312,안암역 2번,202569,454348,성북구,안암동,127.0290871611702,37.58868967882518
3110313,안암역 3번,202623,453826,성북구,안암동,127.02969670042593,37.58398634417268
3110314,종암경찰서,202860,455730,성북구,종암동,127.03238736566581,37.60114052292245
3110315,종암아이파크2차,202967,455307,성북구,종암동,127.03359734683603,37.59732899315395
3110316,숭곡초등학교,203036,456508,성북구,월곡1동,127.03438366024915,37.60814966101142
3110317,종암중학교,203017,454857,성북구,종암동,127.03416167700084,37.59327436938832
3110318,KT월곡지사,203090,456010,성북구,월곡1동,127.03499312523303,37.60366255226508
3110319,종암동주민센터,203175,455519,성북구,종암동,127.03595359013545,37.59923839992779
3110353,수유동우체국,201429,460733,강북구,수유2동,127.0161921338146,37.6462202452816
3110354,삼각산119안전센터,201493,457814,강북구,삼각산동,127.01691136280665,37.61992037016402
3110347,구세군강북종합사회복지관,201194,458466,강북구,삼양동,127.0135256237899,37.625795244156954
3110348,강북문화예술회관,201295,460283,강북구,인수동,127.01467296968984,37.64216601575762
3110349,화계역 2번,201298,459290,강북구,수유1동,127.01470519772923,37.63321923019276
3110324,월곡역 4번,204165,456212,성북구,월곡2동,127.04716825479821,37.60547831423583
3110325,장곡초등학교,204065,457480,성북구,장위1동,127.04604280668192,37.6169032997047
3110326,장위동성당,204220,456971,성북구,장위1동,127.04779550055447,37.612316571314174
3110327,상월곡역 2번,204404,456574,성북구,장위2동,127.049877085475,37.60873878305574
3110328,상월곡역 3번,204494,456315,성북구,석관동,127.05089478154424,37.606404785549785
3110329,우리은행체육관,204694,457411,성북구,장위2동,127.05316682029753,37.61627862322277
3110330,돌곶이역 1번,204785,456784,성북구,장위2동,127.05419343609921,37.61062895729644
3110331,돌곶이역 8번,205071,456537,성북구,석관동,127.05743087131309,37.6084019827491
3110332,돌곶이역 3번,205180,456985,성북구,장위2동,127.05866850498415,37.61243780519847
3110333,돌곶이역 5번,205235,456656,성북구,석관동,127.0592890795929,37.60947324115329
3110334,석관중앙교회,205523,456497,성북구,석관동,127.0625496269382,37.608038984981924
3110335,석계역 7번,205645,457031,성북구,석관동,127.06393543121227,37.612849524067954
3110336,석관고등학교,205718,456720,성북구,석관동,127.0647598010375,37.610046998999536
3110337,아카데미하우스,200625,460586,강북구,인수동,127.00708180832324,37.64489669765556
3110338,인수초등학교,200883,460186,강북구,인수동,127.0100046954134,37.64129254908436
3110339,국립4.19민주묘지,200907,460881,강북구,우이동,127.01027748641563,37.64755436460286
3110340,인수중학교,200791,460520,강북구,인수동,127.00896266514627,37.644301920321155
3110341,북한산우이역 2번,200835,462472,강북구,우이동,127.00946345210346,37.66188906345276
3110342,국립재활원,201078,459717,강북구,인수동,127.01221342106832,37.63706672227932
3110343,무너미어린이공원,201054,460584,강북구,우이동,127.0119427585941,37.644878286044325
3110344,화계중학교,201103,459244,강북구,수유1동,127.01249594998643,37.63280503139888
3110366,광산사거리,202157,460441,강북구,수유3동,127.02444030791094,37.64358795179582
3110345,솔밭공원역 2번,201113,461962,강북구,우이동,127.01261338082156,37.65729376201776
3110346,4.19민주묘지역 2번,201112,461090,강북구,우이동,127.01260072039511,37.64943719463744
3110350,가오리역 2번,201343,459984,강북구,인수동,127.01521628317677,37.63947200306674
3110351,수유북부시장옆,201375,459629,강북구,인수동,127.01557817756292,37.63627345900942
3110352,수유1동주민센터,201422,458947,강북구,수유1동,127.01610934145873,37.6301286649574
3110371,삼양입구사거리,202451,457427,강북구,송천동,127.02776142881001,37.6164314927593
3110372,강북중학교,202506,460397,강북구,수유3동,127.0283945689594,37.643190633332985
3110355,삼양사거리역 2번,201603,458000,강북구,삼양동,127.01815775151192,37.621596021966724
3110356,덕수교,201609,460954,강북구,수유2동,127.01823221742598,37.64821112137031
3110357,가오리역 1번,201573,460422,강북구,수유2동,127.01782314180417,37.643417950047436
3110360,수유초등학교,201790,459211,강북구,수유1동,127.02027893106107,37.63250662510774
3110361,삼양사거리역 1번,201938,457918,강북구,송천동,127.02195219826604,37.620856567278494
3110362,우이천 계성교,201964,460744,강북구,수유2동,127.02225429849477,37.646318365703095
3110363,송천동주민센터,202008,457606,강북구,송천동,127.02274424891579,37.618045335235756
3110364,미아역 8번,202029,458632,강북구,미아동,127.02298495804368,37.62728941870225
3110365,미아역 5번,202059,458234,강북구,미아동,127.02332368413528,37.623703424347134
3110358,인수동 우편취급국,201703,459587,강북구,수유3동,127.01929418298732,37.63589449602717
3110359,수유시장옆,201763,459911,강북구,수유3동,127.01997473599367,37.63881357448498
3110367,강북구청,202105,460127,강북구,수유3동,127.02385020735761,37.64075898169978
3110368,송천초등학교,202139,457232,강북구,송천동,127.02422696852264,37.61467534388805
3110369,성신여대운정그린캠퍼스,202277,459283,강북구,미아동,127.02579638357507,37.633154257577395
3110370,도봉세무서,202381,457675,강북구,송천동,127.0269693758849,37.61866612696216
3110396,쌍문역1번(쌍리단길),203218,460963,도봉구,창1동,127.03646447195635,37.64828798329227
3110397,도봉산입구,203332,464982,도봉구,도봉1동,127.03777459924743,37.684497981920416
3110398,쌍문2동우체국,203278,461696,도봉구,쌍문2동,127.03714764587913,37.654891974674136
3110399,창2동주민센터,203454,460218,도봉구,창2동,127.03913516200645,37.64157479754697
3110390,방학초등학교,202823,462590,도봉구,방학2동,127.0319948557538,37.66294826180096
3110391,샘말어린이공원,202929,463310,도봉구,방학2동,127.03319911031681,37.66943498973112
3110392,발바닥공원,202856,462194,도봉구,쌍문4동,127.03236731659005,37.659380273733284
3110393,국민은행방학지점,202933,462499,도봉구,방학3동,127.03324118997118,37.66212802425333
3110373,수유역 2번,202534,459700,강북구,번1동,127.02870941001596,37.63691069400108
3110374,송중초등학교,202711,457804,강북구,송중동,127.0307077341858,37.61982748768701
3110375,서울북부고용노동지청,202797,459422,강북구,번2동,127.03168805185044,37.63440519237552
3110376,수송초등학교,202774,459976,강북구,번1동,127.03142958043486,37.63939671921139
3110377,미아사거리역 3번,202936,456864,강북구,송중동,127.03325255681031,37.61135750702981
3110378,송중동주민센터,203052,457230,강북구,송중동,127.0345678760869,37.61465474806964
3110379,KTNG 북부지사,203145,459526,강북구,번1동,127.0356310949828,37.635341092364456
3110380,강북문화정보도서관,203187,458642,강북구,번2동,127.03610307823747,37.6273762328044
3110381,번동주공2단지,203912,458714,강북구,번3동,127.04431643020384,37.628022144194425
3110382,솔밭공원역 1번,201230,461803,도봉구,쌍문1동,127.01393904788436,37.6558610511858
3110383,덕성여대시반거리,201215,461310,도봉구,쌍문1동,127.0137682393538,37.6514192269792
3110384,문이교,201446,462166,도봉구,쌍문1동,127.01638759942797,37.659131301166084
3110780,신길대성유니드아파트,191436,444742,영등포구,신길5동,126.90314734322918,37.50210357784792
3110781,대림한신아파트,191471,443882,영등포구,대림1동,126.90355313361495,37.4943552577109
3110782,영등포시장역 4번,191491,446960,영등포구,영등포동,126.90374369195808,37.52208833275841
3110783,영등포시장역 1번,191527,447259,영등포구,영등포동,126.90414748748984,37.524782657771645
3110385,효문고등학교,201627,461645,도봉구,쌍문1동,127.0184377217192,37.65443688167908
3110386,연산군묘,202103,462367,도봉구,방학3동,127.02383399587633,37.66094100470591
3110387,쌍문초등학교,202159,461198,도봉구,쌍문1동,127.02446520633931,37.650408392580964
3110388,도봉우체국,202678,460881,도봉구,쌍문3동,127.03034521174627,37.6475509095685
3110389,한일병원,202647,460524,도봉구,쌍문3동,127.02999264822587,37.64433448769298
3110394,방학중학교,203106,463000,도봉구,방학2동,127.03520401893273,37.66664136923422
3110395,신한은행 방학동지점,203218,462687,도봉구,방학1동,127.03647206897575,37.66382091407126
3110430,중계초등학교,206575,461975,노원구,중계4동,127.07451309787947,37.65738803037677
3110431,상계역,206556,462351,노원구,중계4동,127.07430115109656,37.660775854840864
3110480,연신내역 3번,193392,457581,은평구,불광1동,126.92515264438029,37.617798543317264
3110481,불광역 7번,193522,456966,은평구,대조동,126.92663056899477,37.61225839319223
3110455,역촌노인복지관,192271,455990,은평구,역촌동,126.91247213883027,37.60345508523692
3110456,구산보건지소,192317,456472,은평구,구산동,126.91298801162269,37.60779823704551
3110457,예일여고,192325,456907,은평구,구산동,126.91307405227352,37.611717602893464
3110505,홍남교남측,193361,452692,서대문구,연희동,126.92484582926642,37.573748884900745
3110506,연희임광아파트,193454,451816,서대문구,연희동,126.92590641707551,37.56585683690044
3110483,연천초등학교,193551,457851,은평구,불광1동,126.92695122086197,37.62023233726391
3110484,역촌역 3번,193559,456301,은평구,녹번동,126.92705548022388,37.606267078274556
3110470,신진과학기술고등학교,192849,455298,은평구,응암1동,126.91902451113432,37.59722490823317
3110471,응암동우체국,192874,454645,은평구,응암2동,126.91931395497885,37.59134163214491
3110517,서대문소방서,194394,452679,서대문구,연희동,126.93653958895476,37.57363862085193
3110518,서대문구청,194404,453061,서대문구,연희동,126.93664987416368,37.57708047890787
3110491,불광중학교,194346,458292,은평구,불광2동,126.93595288951646,37.6242109202581
3110492,하나고등학교,194584,460074,은평구,진관동,126.93863569243504,37.6402679121759
3110493,북가좌초등학교,191669,452953,서대문구,북가좌1동,126.90568926896994,37.576086730512685
3110507,명지대학교,193437,453250,서대문구,홍은2동,126.92570116141647,37.57877697431512
3110508,서연중학교,193595,452248,서대문구,연희동,126.92749860967065,37.56975012625551
3110534,경기대학교,196485,451629,서대문구,충현동,126.9602149175942,37.56418852067717
3110535,영천시장입구,196528,452201,서대문구,천연동,126.96069891221296,37.5693423790947
3110519,서대문구보건소별관,194442,453988,서대문구,홍제1동,126.93707302774948,37.58543291549372
3110520,경의중앙 신촌역,194757,450919,서대문구,신촌동,126.94066135843539,37.557783235879384
3110566,경의선책거리,193685,450750,마포구,서교동,126.92853025842084,37.55625383061659
3110542,마포구청역 7번,191345,451292,마포구,망원2동,126.90204104660744,37.56111822776653
3110543,중암중학교,191421,452638,마포구,성산2동,126.9028854848608,37.57324632499679
3110544,망리단길,191619,450607,마포구,망원1동,126.90515005082226,37.5549489373919
3110545,마포구청역 1번,191544,451746,마포구,성산2동,126.90428813099334,37.565210593245496
3110584,아현역 4번,195866,450839,마포구,아현동,126.95321312146886,37.5570680790553
3110553,가좌역 2번,192127,452064,마포구,성산2동,126.91088357719615,37.568080922063466
3110554,망원역 1번,192277,450762,마포구,서교동,126.91259516798064,37.55635122932939
3110555,홍익지구대,192243,450433,마포구,서교동,126.91221385162399,37.55338666479528
3110580,양원초등학교,195137,450415,마포구,대흥동,126.94496541784541,37.553244292992865
3110581,염리초등학교,195296,449319,마포구,용강동,126.94677184287136,37.54337017609082
3110582,이대역 5번,195312,450646,마포구,염리동,126.94694441696997,37.55532650355734
3110583,공덕래미안3차아파트,195817,449922,마포구,아현동,126.95266378611491,37.548805708899394
3110567,광흥창역 6번,193708,449746,마포구,서강동,126.92879916577456,37.54720797282898
3110568,광흥창역 1번,193929,449952,마포구,서강동,126.93129831639104,37.54906551042876
3110421,석계역 1번,205573,457361,노원구,월계1동,127.06312247081314,37.615823223737245
3110422,노원역 9번,205580,462171,노원구,상계10동,127.06323847595549,37.65916053762221
3110585,마포경찰서,195953,450143,마포구,아현동,126.95420158838736,37.55079752190501
3110586,서울서부지방법원,196159,450001,마포구,공덕동,126.95653355702899,37.54951898566206
3110587,공덕동주민센터,196316,449878,마포구,공덕동,126.95831085477153,37.548411398286284
3110447,구산초등학교,191809,457108,은평구,구산동,126.90722766750562,37.61352413877604
3110448,상신초등학교입구,191804,455212,은평구,신사2동,126.90719226269528,37.596441345078325
3110409,창동역 2번,203829,461718,도봉구,창5동,127.0433919186031,37.65508805919096
3110410,방학역 2번,203939,463274,도봉구,방학1동,127.04464688230316,37.66910685916636
3110411,도봉역 3번,204032,464014,도봉구,도봉2동,127.04570508633525,37.67577370338089
3110412,창동중학교,204240,462445,도봉구,창4동,127.04805377216908,37.66163639005471
3110436,상계제일중학교,206697,462140,노원구,중계4동,127.07589721053684,37.658873767809375
3110437,당고개역 2번,206846,463073,노원구,상계3?4동,127.07759457818734,37.667278815856335
3110438,경춘선숲길 우측,206924,458484,노원구,공릉2동,127.07843516211,37.625932128128525
3110423,석계역 2번,205719,457498,노원구,월계1동,127.06477720668221,37.61705668079722
3110472,연신내역 4번,193000,457351,은평구,대조동,126.92071475120335,37.61572337254678
3110473,구산역 1번,193014,457016,은평구,대조동,126.92087651968289,37.6127051698786
3110449,증산역 3번,191787,453767,은평구,증산동,126.90701596105264,37.5834218710177
3110494,증산3교남측,191718,453280,서대문구,북가좌1동,126.90624027652729,37.57903341964468
3110495,북가좌2동주민센터,192016,453516,서대문구,북가좌2동,126.90961133135289,37.581162393855145
3110560,마포FM,192787,451180,마포구,연남동,126.91836296409225,37.56012152556119
3110561,상수역 4번,193020,449646,마포구,서강동,126.92101465340832,37.54630202356614
3111078,굽은다리역 4번,212791,449269,강동구,길동,127.14473562941309,37.54284297310578
3110485,연신내우체국,193759,458017,은평구,불광2동,126.92930584981418,37.62172941053949
3110486,은평구청,193642,455881,은평구,녹번동,126.92799910442115,37.60248349984441
3110487,불광역 8번,193806,456935,은평구,불광1동,126.92984739569634,37.61198104277285
3110521,홍제역 4번,194925,454327,서대문구,홍제1동,126.9425391420921,37.588490068182864
3110522,홍제역 3번,195088,454097,서대문구,홍제1동,126.94438622395559,37.58641866983094
3110523,홍제성원아파트,195052,453807,서대문구,홍제1동,126.94398058936544,37.58380559833459
3110524,연희세브란스병원,195078,451634,서대문구,신촌동,126.94428953833814,37.56422712984893
3110496,모래내우체국,192218,453273,서대문구,북가좌2동,126.91190079630103,37.578974710278885
3110546,양화대교북단,191662,450075,마포구,합정동,126.90564273562002,37.55015602400467
3110547,KB국민은행 망원동지점,191646,451113,마포구,망원2동,126.90544985616542,37.559508222945176
3110458,선일여고,192396,457958,은평구,갈현2동,126.9138672649344,37.62118756887732
3110459,응암역 2번,192366,455560,은평구,신사1동,126.91355245804971,37.59958162306841
3110460,구산역 4번,192498,457218,은평구,갈현2동,126.91503023530422,37.614521102015296
3110536,돈의문센트레빌아파트입구,196793,451833,서대문구,충현동,126.963700171686,37.566027675786486
3110537,충정로현대아파트,196781,451522,서대문구,충현동,126.96356570918097,37.563225536204584
3110538,충정로역 3번,196883,451251,서대문구,충현동,126.96472134857186,37.56078418639621
3110539,미근동,197093,451559,서대문구,충현동,126.96709693781519,37.56355994178927
3110525,홍은종합사회복지관,195233,455053,서대문구,홍은1동,126.94602169615612,37.5950329139456
3110569,홍대땡땡거리,193992,450570,마포구,서강동,126.93200618899284,37.55463408799679
3110570,KB국민은행 서강지점,194258,449405,마포구,신수동,126.93502567773919,37.54413915657821
3110548,마포구청역 4번,191712,451412,마포구,성산1동,126.90619346235019,37.56220279564018
3110400,도봉구보건소,203457,462153,도봉구,쌍문2동,127.03917831065678,37.6590088057298
3110401,도봉구민회관,203483,461709,도봉구,창5동,127.03947085180751,37.655008347922056
3110414,장석교회,204615,458250,노원구,월계1동,127.05227731602453,37.6238383071051
3110415,수락산역 4번,204689,464016,노원구,상계1동,127.05315257704137,37.67578860179999
3110461,새절역 2번,192506,454562,은평구,응암3동,126.91514802943944,37.590590887541644
3110588,한겨레신문사,196474,449809,마포구,공덕동,126.96009915669201,37.54779032700743
3110589,애오개역 3번,196507,450469,마포구,공덕동,126.96046944995787,37.55373704037376
3110571,신수동주민센터,194370,449562,마포구,신수동,126.93629182332131,37.545554415089256
3110572,서강대역 1번,194437,450111,마포구,신수동,126.93704582425697,37.55050130200841
3110424,상계초등학교,205957,462130,노원구,상계2동,127.06751070252072,37.65878876746218
3110402,도봉구 정병원,203471,462457,도봉구,방학1동,127.03933841839088,37.6617477362968
3110403,방학1동주민센터,203537,462802,도봉구,방학1동,127.0400880977698,37.66485586862868
3110404,신창초등학교,203576,459627,도봉구,창3동,127.04051457750556,37.63624951166753
3110450,시립서북병원,191983,456211,은평구,구산동,126.90920823667845,37.60544380707197
3111084,길동신동아아파트,213077,449188,강동구,길동,127.14797038945525,37.54210915495064
3111085,묘곡초등학교(고덕아이파크아파트),213598,451279,강동구,고덕1동,127.1539043851388,37.56094142583823
3111086,한영중고,213661,449837,강동구,명일2동,127.15459058686204,37.5479481533716
3111087,고덕중학교(고덕2동주민센터),214375,451335,강동구,고덕2동,127.16269966363117,37.56143419088499
3111088,고덕동성당,215015,451172,강동구,고덕2동,127.16993997135829,37.559955368246186
3110439,당고개역 5번,206942,463518,노원구,상계3?4동,127.07868690249893,37.671287453233404
3110440,상계3동4동주민센터,207404,463610,노원구,상계3?4동,127.08392455657341,37.672112743973784
3110441,영신여고,207291,461205,노원구,중계본동,127.08261968164804,37.650445067206704
3110442,화랑대철도공원,207943,458309,노원구,공릉2동,127.08997649461074,37.62434716517718
3110425,계상초등학교,206006,462411,노원구,상계5동,127.06806833085822,37.661320204941866
3110474,세명컴퓨터고등학교,193094,458463,은평구,불광2동,126.92176894024712,37.62574305642576
3110451,증산역 4번,192207,454149,은평구,증산동,126.91176695211742,37.586867310443004
3110497,가좌역 3번,192369,452344,서대문구,남가좌1동,126.91361991841781,37.570605742584526
3110509,연희대우아파트앞,193678,451158,서대문구,신촌동,126.92844752122888,37.559929848504545
3110510,홍연시장,193904,453009,서대문구,연희동,126.93099000584378,37.57660878891725
3110556,절두산순교성지,192375,449482,마포구,합정동,126.91371757454353,37.54481927889561
3110488,우리은행응암동지점,193806,455674,은평구,응암1동,126.92985806504463,37.60061956912879
3110489,불광역 3번,193908,456402,은평구,녹번동,126.93100707256747,37.607179454050986
3110490,녹번동근린공원,193973,456174,은평구,녹번동,126.93174508513579,37.60512562662295
3110475,백련산해모로아파트,193130,455354,은평구,응암1동,126.92220593140247,37.59773160300439
3110476,역촌역 2번,193193,456536,은평구,대조동,126.92290833727283,37.60838176745521
3110526,봉원사,195306,452138,서대문구,신촌동,126.94686696726549,37.5687693370328
3110498,증산역 1번,192362,454070,서대문구,북가좌2동,126.91352269766993,37.58615682561889
3110499,연가초등학교,192836,453604,서대문구,북가좌2동,126.91889386756903,37.581962010876325
3110500,남가좌동현대아파트,192917,452686,서대문구,남가좌2동,126.91981976539915,37.57369151856133
3110462,갈현건영아파트,192582,458461,은평구,갈현1동,126.9159690380799,37.625721048855574
3110463,응암3동주민센터,192604,454716,은평구,응암3동,126.91625609375659,37.5919792064456
3110464,연신내역 5번,192658,457512,은평구,갈현2동,126.91683948862,37.61717129604579
3110540,망원나들목체육관,191170,450546,마포구,망원1동,126.90006934224607,37.554395138243954
3110541,동교초등학교,191287,450928,마포구,망원2동,126.9013889146536,37.55783805697095
3110527,홍제역 2번,195323,454390,서대문구,홍제3동,126.94704502804785,37.589059800906874
3110528,서울여자간호대학교,195385,455125,서대문구,홍제3동,126.9477423876718,37.595682402161245
3110573,신촌역 6번,194527,450416,마포구,대흥동,126.93806204247896,37.55324988350833
3110574,서강대학교,194699,449975,마포구,대흥동,126.9400117506906,37.5492774882875
3110549,새터산,191929,451850,마포구,성산2동,126.90864472387649,37.56615108033534
3110550,합정역 8번,191993,450196,마포구,합정동,126.90938718433313,37.551249164529125
3111079,둔촌고등학교(둔촌중학교),212802,447928,강동구,둔촌2동,127.14483672836192,37.53076044252061
3111080,굽은다리역 3번,212907,449841,강동구,명일1동,127.14605826969836,37.54799505551849
3111081,둔촌푸르지오아파트,212915,448408,강동구,둔촌2동,127.14612359901622,37.53508365886623
3111082,중앙보훈병원,213045,448204,강동구,둔촌2동,127.14759082543833,37.53324379403351
3111083,GS강동자이아파트,213004,448764,강동구,길동,127.14713686672866,37.538289959838245
3110593,신월3동주민센터,184691,448235,양천구,신월3동,126.82679378474677,37.53348831317334
3110594,신월중학교,184761,449104,양천구,신월5동,126.82756773429242,37.54131913005202
3110595,메디힐병원,184977,448713,양천구,신월5동,126.8300198040713,37.537799778862734
3110443,수색역 1번,190793,453820,은평구,수색동,126.89576167266652,37.583889995567056
3110575,대흥동주민센터,194807,450616,마포구,대흥동,126.94122938667753,37.55505349794558
3110576,대흥역 3번,195036,449638,마포구,대흥동,126.9438276551154,37.54624299959065
3110426,상계2동주민센터,206148,461865,노원구,상계2동,127.06967307359568,37.65639990821615
3110405,방학역 1번,203619,463278,도봉구,방학1동,127.04101983972981,37.66914421552273
3110452,새절역 3번,192273,454515,은평구,신사2동,126.91251034948718,37.59016549565589
3110557,홍대부속여중고앞,192530,450970,마포구,서교동,126.91545636804909,37.55822738671058
3110558,경성고등학교,192565,451651,마포구,성산1동,126.91584558806812,37.564363450925
3110559,성산중학교,192688,449683,마포구,합정동,126.91725739230134,37.54663282010309
3110413,누원고등학교,204198,464883,도봉구,도봉2동,127.04759179455192,37.68360246074166
3110444,수색성당,191453,453224,은평구,증산동,126.90324089386101,37.5785264427602
3110445,덕산중학교,191769,455726,은평구,신사1동,126.90679016222154,37.601072120466604
3110446,내를건너서숲으로도서관,191796,454593,은평구,신사2동,126.90710860708315,37.59086414192362
3110427,노원 을지대학교병원,206268,459433,노원구,하계1동,127.07101212612743,37.634487186294194
3110428,상계5동주민센터,206276,462728,노원구,상계5동,127.07113106886153,37.66417450773257
3110477,은평세무서,193336,455907,은평구,녹번동,126.92453358673295,37.60271559223417
3110478,응암1동주민센터,193406,455584,은평구,응암1동,126.92532920921035,37.5998058991835
3110453,신사1동주민센터,192303,455136,은평구,신사1동,126.91284350185038,37.59576090018161
3110454,선정중학교,192299,457526,은평구,갈현2동,126.91277306605426,37.61729449862414
3110511,연희초등학교,194055,451806,서대문구,연희동,126.93270915833847,37.565770810628436
3110512,연희지하차도,194158,453091,서대문구,연희동,126.93386476704575,37.577349249695644
3110513,연희파출소,194116,452409,서대문구,연희동,126.93339477301667,37.571204202233716
3110515,홍은중학교,194180,454791,서대문구,홍은2동,126.93410032016293,37.59266626188652
3110516,정원여중,194259,453935,서대문구,홍은2동,126.93500154132751,37.584954266751254
3110564,홍대입구역 3번,193428,451158,마포구,서교동,126.92561802009868,37.55992809983832
3110479,연신내역 2번,193382,458068,은평구,불광2동,126.92503497111771,37.622186278084804
3110529,홍제3동주민센터,195418,454778,서대문구,홍제3동,126.94811823117305,37.59255612700315
3110501,연희어린이공원,193028,452001,서대문구,연희동,126.92108280715294,37.567520553183385
3110502,남가좌파출소,193174,452938,서대문구,남가좌2동,126.92272668132662,37.57596396317863
3110503,명지대학교교회,193247,453681,서대문구,남가좌2동,126.92354622796533,37.5826588806257
3110504,명지전문대,193319,454064,서대문구,홍은2동,126.92435788035132,37.58611020676995
3110482,연신초등학교,193583,458450,은평구,불광2동,126.92730843440147,37.625629470771514
3110532,아현역 2번,196252,451127,서대문구,북아현동,126.95758023545093,37.55966460055765
3110533,충정로역 7번,196504,451105,서대문구,북아현동,126.96043246893834,37.559467371533074
3110565,홍익대,193630,450369,마포구,서강동,126.9279111055061,37.552820653360776
3110419,수락산디자인거리,205038,464087,노원구,상계1동,127.05710918618395,37.676426447476146
3110530,아현역 1번,195903,450890,서대문구,북아현동,126.9536315870961,37.557527752751184
3110531,홍지문,196095,455335,종로구,부암동,126.95578089828815,37.59757776916762
3110577,용강동주민센터,195056,449322,마포구,용강동,126.94405610152825,37.54339595069852
3110578,대흥역 2번,195146,449859,마포구,염리동,126.94507094731418,37.54823479181836
3110551,성서초등학교,192011,451116,마포구,성산1동,126.9095808699743,37.55953848873831
3110552,성미산체육관,192075,451621,마포구,성산1동,126.91029976327316,37.564089068838044
3110590,만리재,196687,450062,마포구,공덕동,126.9625083603722,37.55007064296527
3110591,충정로역 6번,196681,450974,중구,중림동,126.96243633709508,37.558287719911306
3110592,서울금융고등학교,184589,448509,양천구,신월3동,126.82563401264187,37.53595534575108
3110420,광운대역 1번,205266,457942,노원구,월계1동,127.05964942521172,37.62105976995063
3110468,응암역 3번,192780,455968,은평구,역촌동,126.91823657343359,37.60326100173212
3110469,응암정보도서관,192812,454074,은평구,응암3동,126.91861754570077,37.586196487934636
3110579,마포역 4번,195146,448511,마포구,도화동,126.94507985704341,37.53608932175848
3110429,공릉동 국수거리,206455,457940,노원구,공릉1동,127.07311752729491,37.62103417354386
3110406,도봉산역 1번,203718,465573,도봉구,도봉1동,127.04215366082332,37.68982127455393
3110407,도봉역 2번,203614,463983,도봉구,도봉1동,127.04096665862696,37.675496140869164
3110408,가인초등학교,203661,462129,도봉구,창5동,127.04149012943236,37.65879177963506
3110432,대진고등학교,206468,459617,노원구,하계1동,127.07327961483666,37.6361436126196
3110433,공릉역 2번,206692,458322,노원구,공릉1동,127.07580558296289,37.62447424820976
3110434,태릉입구역 4번,206724,457916,노원구,공릉1동,127.07616433988332,37.62081600933059
3110435,서울과학기술대,206727,458887,노원구,공릉2동,127.07620725251864,37.62956456313447
3110692,큰굴다리,186407,444470,구로구,개봉1동,126.84627816117745,37.49959252924015
3110693,오류동역 4번,186407,444108,구로구,오류1동,126.84628484691747,37.49633089770617
3110694,세곡초등학교,186504,445043,구로구,고척2동,126.84736461127714,37.50475669640574
3110695,개봉1동주민센터,186895,444572,구로구,고척2동,126.8517950693802,37.50051860479138
3110696,오류동역 1번,186908,443849,구로구,개봉2동,126.85195494682537,37.49400453363189
3110663,우장산롯데캐슬아파트앞,186697,450527,강서구,화곡6동,126.84944809476413,37.55417025454575
3110664,강서구청옆,186927,450211,강서구,화곡6동,126.85205665693027,37.551326400425985
3110665,곰달래도서관,186976,447805,강서구,화곡2동,126.85265383966636,37.52964910739219
3110666,KC대학교,186979,449983,강서구,화곡6동,126.85264916819561,37.54927286665986
3110667,가양역 10번,187021,451363,강서구,등촌3동,126.853100050414,37.56170718526108
3110749,금산초등학교(금천고등학교),191606,438077,금천구,시흥3동,126.90514583518677,37.44205287827401
3110750,시흥4동주민센터(서울신흥초등학교),191736,439818,금천구,시흥4동,126.90659536161563,37.45774067716475
3110681,온수역 1번,184516,443619,구로구,수궁동,126.82491102406816,37.491895234309894
3110682,온수역 8번,184527,444083,구로구,수궁동,126.82502565575389,37.496076071731245
3110683,오류고등학교,184751,444388,구로구,수궁동,126.82755240000924,37.49882785373005
3110703,개봉역,187529,443979,구로구,개봉1동,126.85897502647666,37.495184430322844
3110704,고척중학교,187951,444448,구로구,고척1동,126.8637394104501,37.499415739190376
3110705,고산초등학교,188048,444505,구로구,고척1동,126.8648354424381,37.499930571468916
3110706,그라운드 고척,188121,444651,구로구,고척1동,126.86565863686842,37.501246978346835
3110722,G타워,190905,442315,구로구,구로3동,126.89717210666026,37.48023108551514
3110723,가산디지털단지역 1번 출입구,189704,442648,금천구,가산동,126.88358899345991,37.48321884165624
3110724,금천구립가산도서관,190323,441521,금천구,가산동,126.89060246530504,37.4730711718446
3110725,가산동주민센터,190311,442041,금천구,가산동,126.89045996878538,37.47775628898691
3110803,신길2동우편취급국,192220,445910,영등포구,영등포본동,126.91200145475099,37.51263424047317
3110804,신풍역 1번,192291,444455,영등포구,신길6동,126.9128197716422,37.49952522564555
3110805,신길새마을금고신길4동지점,192281,445152,영등포구,신길4동,126.91269937112725,37.505805144681965
3110806,서울시립영등포장애인복지관,192318,446855,영등포구,영등포동,126.9131000457853,37.52114953473733
3110733,금천어울림복지센터,190931,439912,금천구,시흥1동,126.89749563002177,37.4585800861235
3110734,금천파출소,191062,439366,금천구,시흥1동,126.89898290125245,37.45366183872093
3110735,말미고개,191078,440370,금천구,독산2동,126.89915158569944,37.462708144784365
3110736,독산119안전센터,191226,440910,금천구,독산4동,126.90081805088234,37.46757501512585
3110755,동일여자고등학교,192287,439057,금천구,시흥2동,126.91283104206283,37.45088873344512
3110756,문래중학교,189708,447052,영등포구,양평1동,126.88357261885149,37.52289909328725
3110757,양평역 2번,189756,447266,영등포구,양평1동,126.88411263138504,37.52482776865417
3110758,문래소공원,189992,446829,영등포구,문래동,126.88678837498121,37.52089298434439
3110807,신길역 3번,192385,446482,영등포구,영등포동,126.91386182257449,37.51778935200958
3110774,당산반도유보라팰리스아파트,191142,447658,영등포구,당산2동,126.89978729477909,37.52837403542412
3110775,대동초등학교,191264,443608,영등포구,대림2동,126.90121560959574,37.49188456755702
3110776,도신초등학교,191374,444236,영등포구,대림3동,126.90245209989303,37.49754391638084
3110643,강서구다솔마을,183982,450681,강서구,공항동,126.81871882923258,37.555514608627334
3110644,신광명마을,184449,449781,강서구,발산1동,126.82402307103173,37.54741365896421
3110645,우장산역 4번,185289,450314,강서구,발산1동,126.83351789025177,37.55222974420196
3110790,대림1동주민센터,191730,444244,영등포구,신길5동,126.90647786314138,37.497619252474074
3110791,신풍역 3번,191799,444488,영등포구,신길5동,126.90725543679011,37.49981832015513
3110792,영등포역 2번,191832,445827,영등포구,도림동,126.9076137652341,37.51188305687823
3110793,대림썬프라자,191840,444066,영등포구,대림1동,126.90772378123626,37.49601644101264
3110808,신길역 1번,192419,446351,영등포구,영등포본동,126.91424776874355,37.516609318608964
3110809,장훈고등학교,192541,445881,영등포구,영등포본동,126.91563253349054,37.51237559866575
3110653,화곡역 2번,185990,449471,강서구,우장산동,126.8414670572051,37.54464527300884
3110608,신월2동주민센터,186375,447299,양천구,신월2동,126.84586386894,37.52508137526259
3110609,신정네거리역 2번,186656,446922,양천구,신정3동,126.84904958349273,37.52168871335584
3110610,계남근린공원,186751,446350,양천구,신정3동,126.85013454972928,37.51653636130315
3110699,덕의초등학교,187204,445195,구로구,고척2동,126.85527871714595,37.506136184220836
3110700,고척초등학교,187387,444733,구로구,고척1동,126.85735633995357,37.501976069275166
3110623,갈산공원,188487,445288,양천구,신정7동,126.86978780742024,37.50699100309612
3110624,목동문화체육센터,188603,449088,양천구,목2동,126.87104084620819,37.541230447765756
3110625,신정2동주민센터,188656,446559,양천구,신정2동,126.87167959095326,37.518444828950926
3110626,양화초등학교,188812,449453,양천구,목2동,126.87340015358663,37.54452164704416
3110654,까치산역 4번,185968,448182,강서구,화곡1동,126.8412427376533,37.53303109083655
3110655,발산역 5번,186090,450860,강서구,우장산동,126.84257230285237,37.55716160635442
3110562,연트럴파크(연남동주민센터),193227,451584,마포구,연남동,126.9233391686964,37.56376488708946
3110563,상수역 3번,193303,449582,마포구,서강동,126.92421764900801,37.5457274833252
3110751,난곡중학교,191767,442077,금천구,독산3동,126.90692050938276,37.478094765834626
3110752,한울중학교,191944,440258,금천구,시흥4동,126.90894149141734,37.46170696090743
3110684,서울공연예술고등학교,184965,444368,구로구,수궁동,126.82997287787619,37.49865116120828
3110685,금강수목원아파트,185185,443424,구로구,오류2동,126.8324797926798,37.49014924635146
3110686,수궁동주민센터,185334,443922,구로구,수궁동,126.83415467880374,37.494638620747644
3110707,구로창업지원센터,189343,445600,구로구,신도림동,126.87946463909495,37.50981240722824
3110708,화원어린이공원,189501,444279,구로구,구로2동,126.88127053475066,37.49791195977646
3110709,구로119안전센터,189526,443837,구로구,구로2동,126.88155953983662,37.49392980227567
3110710,남구로역 3번,189736,443055,구로구,구로2동,126.88394512624056,37.486886294270526
3110711,구로초등학교,189750,444136,구로구,구로2동,126.88408837350633,37.49662631952319
3110712,남구로역 5번,189968,443117,구로구,구로4동,126.88656749689855,37.487447465830186
3110668,화곡2동주민센터,187035,448118,강서구,화곡2동,126.85331580752785,37.53247006333166
3110669,화곡보람2차아파트,187100,450388,강서구,화곡6동,126.8540113311599,37.552923598728135
3110670,신곡초등학교,187264,448458,강서구,화곡4동,126.85590077983865,37.53553664636464
3110726,금천철쭉어린이공원(금하마을),190327,439326,금천구,독산1동,126.8906764836956,37.45329404179641
3110815,공군호텔,193118,445802,영등포구,신길1동,126.9221596147489,37.51166828712483
3110816,대방역 6번,193249,446149,영등포구,신길1동,126.9236381327389,37.51479573571652
3110737,금천세무서,191235,441904,금천구,독산3동,126.90090796494161,37.47653113040603
3110738,문성초등학교,191269,441435,금천구,독산3동,126.90129790602968,37.472305721353386
3110739,시흥3동 우편취급국,191402,437977,금천구,시흥3동,126.9028417553999,37.44114999204755
3110713,구로보건소,190029,444650,구로구,구로5동,126.88723646192494,37.50126053635339
3110759,문래예술촌(문래창작촌),190404,446148,영등포구,문래동,126.89145784534162,37.51476153758128
3110760,선유도역 6번,190490,448546,영등포구,양평2동,126.89239957829113,37.536368422439324
3110761,문래동남성맨션,190472,445802,영등포구,문래동,126.89223148744642,37.51164477320904
3110762,선유도역 1번,190523,448983,영등포구,양평2동,126.89276731629242,37.54030612628488
3110612,신정역 5번,187264,447115,양천구,신정4동,126.85592405599932,37.52343623301962
3110613,신정네거리역 4번,187307,446653,양천구,신정1동,126.85641846880667,37.51927420530179
3110614,목동로데오거리,187652,447633,양천구,신정4동,126.8603045895597,37.52810868319107
3110615,신서초등학교,187732,446840,양천구,신정1동,126.86122287881128,37.520964822449145
3110616,양목초등학교,187814,447073,양천구,신정4동,126.86214660798909,37.5230652390491
3110646,푸른들청소년도서관,185451,449406,강서구,화곡3동,126.83536920594427,37.54405127997964
3110647,화곡역 5번,185643,448807,강서구,화곡1동,126.8375535045462,37.5386573219103
3110648,양천향교역 7번,185683,451946,강서구,가양1동,126.83794486723104,37.566940159049786
3110794,영동초등학교,191894,447582,영등포구,당산2동,126.90829568124921,37.52769618737837
3110795,도림초등학교,191968,445494,영등포구,신길3동,126.9091556622347,37.50888390866796
3110796,한림대학교한강성심병원,191951,447139,영등포구,영등포동,126.90894538092166,37.52370525165795
3110797,KT대방빌딩,191953,444056,영등포구,신길6동,126.90900173377105,37.49592733165793
3110596,서서울호수공원,185107,447773,양천구,신월3동,126.8315097591216,37.52933251430504
3110597,신월1동주민센터,185143,448358,양천구,신월1동,126.83190521052514,37.53460392914984
3110598,신월문화체육센터,185267,446690,양천구,신월7동,126.8333416013457,37.51957726844986
3110599,신월1파출소,185318,447959,양천구,신월1동,126.83389315774004,37.53101175155089
3110416,노원초등학교,205046,463673,노원구,상계1동,127.05719700834393,37.67269635062584
3110417,월계역 3번,205127,459237,노원구,월계2동,127.05808401363569,37.63272832724608
3110418,광운대학교 남단,205120,457577,노원구,월계1동,127.05799308954444,37.61777199035563
3110465,연신내역 7번,192719,457984,은평구,갈현1동,126.9175257181981,37.62142443927846
3110701,고척동성당,187600,445118,구로구,고척2동,126.85975871674793,37.505447814423974
3110702,개봉초등학교,187521,443242,구로구,개봉3동,126.85889705315547,37.48854391817313
3110627,신정롯데캐슬아파트,188832,446731,양천구,신정2동,126.87366784052162,37.519996696799005
3110628,신목동역,189379,449524,양천구,목2동,126.87981510484772,37.545168059477646
3110629,송정역 4번,183092,451129,강서구,공항동,126.80863612346893,37.559535159894644
3110630,공항시장역 1번,183081,451771,강서구,방화2동,126.80849682132225,37.56531932367912
3110631,방화초등학교,183212,452183,강서구,방화2동,126.80997014983072,37.56903380193178
3110656,까치산역 3번,186119,447708,강서구,화곡1동,126.84296009158733,37.52876264452878
3110657,양천향교역 5번,186180,451900,강서구,가양1동,126.84357129242574,37.56653329038731
3110658,화곡초등학교,186389,449541,강서구,화곡본동,126.84598070839382,37.54528194540314
3110659,화곡역 4번,186429,449017,강서구,화곡본동,126.84644302224991,37.54056131421404
3110714,구로4동주민센터,190201,443547,구로구,구로4동,126.88919631652536,37.49132429193936
3110727,독산역 1번 출입구,190387,440588,금천구,독산1동,126.89133814646827,37.4646654230754
3110728,두산초등학교,190428,440885,금천구,독산1동,126.89179773823689,37.46734184716617
3110729,가산동우체국,190558,442071,금천구,가산동,126.8932520648618,37.47802914720058
3110777,구로세무서,191290,446070,영등포구,문래동,126.90148046698552,37.51406753976341
3110753,시흥동 은행나무사거리,191899,438831,금천구,시흥5동,126.90844852214423,37.448849129363595
3110754,삼성산자연공원(서울금천초등학교),191973,439318,금천구,시흥5동,126.90927951506106,37.453237704979706
3110687,"천왕역 3번(오류2동주민센터, 서울오류남초등학교)",185673,443204,구로구,오류2동,126.83800209949736,37.488174732550505
3110688,오류지구대,185730,444002,구로구,오류1동,126.83863113866649,37.49536562485887
3110715,구로구민회관,190138,444205,구로구,구로5동,126.88847512035333,37.497252236455466
3110716,구로나눔길,190166,443834,구로구,구로2동,126.88879671563531,37.49390980603042
3110717,남구로역 2번,190184,442766,구로구,가리봉동,126.88901449779476,37.48428725232738
3110763,영등포구청역 2번,190681,447439,영등포구,당산1동,126.89457467467606,37.526396303959714
3110764,문래역 3번,190693,446831,영등포구,당산1동,126.8947181280215,37.52091833908793
3110671,등촌1동주민센터,187561,450691,강서구,등촌1동,126.8592232956464,37.55565994906193
3110672,백석중학교,187594,449689,강서구,등촌2동,126.85961370194514,37.5466324179359
3110673,뜸부기어린이공원,187599,447889,강서구,화곡4동,126.85970067142665,37.53041452973515
3110674,강서구청가양동별관,187645,451282,강서구,가양3동,126.86016400106026,37.56098595628063
3110813,보라매역 6번,192848,444620,영등포구,신길6동,126.91911721349943,37.50101636484535
3110814,서울지방병무청,193077,445339,영등포구,신길7동,126.92170023319794,37.507496332940526
3110649,우장산역 1번,185667,450397,강서구,우장산동,126.83779402108571,37.55298352357683
3110740,금천해태공원,191288,439917,금천구,시흥1동,126.90153063651739,37.45862856769765
3110741,독산2동주민센터,191304,440495,금천구,독산2동,126.9017046630445,37.46383656022357
3110742,KT금천빌딩(금천구시설관리공단),191404,438635,금천구,시흥1동,126.90285669090942,37.44707867860115
3110798,신풍역 2번,191968,444354,영등포구,신길6동,126.90916810677236,37.49861245831046
3110765,문래동사거리,190762,445778,영등포구,문래동,126.89551189177746,37.51143147963066
3110766,대림역 5번,190843,444085,영등포구,대림3동,126.89644912574266,37.496178287632986
3110767,도림동주민센터,190819,445634,영등포구,도림동,126.8961583972878,37.51013460386422
3110600,신월7동주민센터,185402,447045,양천구,신월7동,126.83486165433128,37.522777960294526
3110466,구산역 2번,192764,456543,은평구,역촌동,126.91804969701305,37.608441562863476
3110467,은평요양병원,192861,458363,은평구,갈현1동,126.91913049837581,37.62484029093253
3110514,서대문우체국,194063,451114,서대문구,신촌동,126.93280530945287,37.55953597042736
3110650,우장산힐스테이트,185747,450632,강서구,우장산동,126.83869481098496,37.55510210039808
3110651,화원중학교,185784,448561,강서구,화곡1동,126.83915364557924,37.53644305357173
3110652,양천향교역 2번,185848,452384,강서구,가양1동,126.83980405551263,37.570889053094895
3110799,영등포본동주민센터,192045,445993,영등포구,영등포본동,126.91002115746218,37.51338058174546
3110800,영등포동성당,192062,446868,영등포구,영등포동,126.91020399762098,37.52126449878274
3110801,신풍역 6번(신길6동공영주차장),192138,444787,영등포구,신길6동,126.91108596644017,37.502515272283304
3110802,신길동홍어거리,192263,445659,영등포구,신길4동,126.91249046187012,37.51037308349919
3110601,신월1동우편취급국,185551,447619,양천구,신월1동,126.83653591090075,37.52795203678687
3110602,신월시영아파트중문,185660,446618,양천구,신월7동,126.83778857051472,37.518934737930614
3110603,지향초등학교,185868,445909,양천구,신정3동,126.84015504526609,37.512549854396376
3110660,등촌3동주민센터,186507,450988,강서구,등촌3동,126.84728936932454,37.55832107704375
3110778,구로디지털단지역 4번,191373,443246,영등포구,대림2동,126.90245239287532,37.48862394889115
3110779,대림갑을명가아파트,191416,444092,영등포구,대림1동,126.90292873946542,37.49624685997714
3110611,신정역 1번,187335,447451,양천구,신정4동,126.85672145126978,37.526464568346604
3110784,신대림초등학교,191504,443609,영등포구,대림1동,126.90392945139324,37.491895815643836
3110785,영등포푸르지오아파트,191520,445527,영등포구,도림동,126.90408827327902,37.5091772342772
3110617,등촌역 4번,188071,449651,양천구,목3동,126.86501203740983,37.54629633318375
3110618,강서고등학교,188103,448419,양천구,목4동,126.86539410373967,37.535196458603345
3110619,목4동주민센터,188148,448006,양천구,목4동,126.86590990704703,37.53147591380736
3110632,방화역 3번,183317,452821,강서구,방화1동,126.81114416473983,37.57478402665346
3110633,개화산역 1번,183234,452598,강서구,방화2동,126.81020968720401,37.57277331235714
3110634,송정역 3번,183513,450893,강서구,공항동,126.81340625888835,37.557416444538866
3110661,강서새말어린이공원,186545,450313,강서구,화곡6동,126.84773181802537,37.55223991977548
3110662,까치산역 1번,186666,448383,강서구,화곡8동,126.84913619684757,37.53485244846705
3110718,한국SGI본부,190345,444894,구로구,구로5동,126.89080694582884,37.503462343662285
3110745,독산동정훈단지,191510,440729,금천구,독산2동,126.90403048852814,37.46594683806725
3110746,금천금빛공원(은행나무사거리서측),191548,439156,금천구,시흥1동,126.90447806264076,37.451774280596055
3110747,석수역 1번 출입구,191566,437249,금천구,시흥3동,126.90470328680757,37.43459211622573
3110675,화곡4동주민센터,187674,448535,강서구,화곡4동,126.86053834758106,37.53623598406385
3110676,등촌역 7번,187709,450057,강서구,등촌2동,126.86090887758043,37.54994962347848
3110677,등촌역 1번,188138,450469,강서구,등촌1동,126.86575698649337,37.55366734475919
3110678,염창무학아파트,189066,450086,강서구,염창동,126.87626490361211,37.550228003091
3110679,염창역 2번,189142,449876,강서구,염창동,126.87712806513225,37.54833680854631
3110680,온수역 5번(온수산업단지),183950,443756,구로구,수궁동,126.8185078878857,37.49311994948703
3110689,오류동역 3번,186094,444250,구로구,오류1동,126.84274264528946,37.49760566370818
3110690,오류2동버들시장,186120,443658,구로구,오류2동,126.84304783057685,37.49227211395636
3110691,개봉중학교,186250,444792,구로구,개봉1동,126.84449665369102,37.50249143401964
3110719,영서중학교,190505,443253,구로구,구로3동,126.8926376285484,37.48867850808619
3110720,대림역 2번,190545,443726,구로구,구로4동,126.89308384367953,37.4929406764136
3110721,가리봉파출소,190534,442240,구로구,가리봉동,126.89297855818604,37.479551604922634
3110768,도림2동유수지내체육시설,190898,445288,영등포구,도림동,126.89705620583169,37.50701791437905
3110817,대방역 4번,193183,446027,영등포구,신길1동,126.92289272549621,37.51369602690586
3110818,신대방역 3번,192054,443037,동작구,신대방1동,126.91015487331812,37.48674695130216
3110819,신대방역 4번,192134,443262,동작구,신대방1동,126.91105702584524,37.48877490125431
3110820,성남고등학교,193252,444990,동작구,대방동,126.9236826987537,37.504353122909095
3110730,서울축산농협 독산역지점(독산파출소),190703,440614,금천구,독산1동,126.89490976198287,37.46490291619055
3110731,금천구청역 1번 출입구,190837,439525,금천구,시흥1동,126.89643798420333,37.45509224627107
3110732,가산초등학교(세일중학교),190933,441835,금천구,독산1동,126.89749458115419,37.475906522035814
3110743,시흥초등학교(시흥1동우체국),191533,439560,금천구,시흥1동,126.90430389990269,37.45541423177664
3110744,독산동성당,191524,441254,금천구,독산4동,126.90418270467585,37.47067726744691
3110769,대림차이나타운(대림역 12번),190902,443500,영등포구,대림2동,126.8971235493342,37.49090798747462
3110770,영등포구청역 6번,190958,447050,영등포구,당산1동,126.8977131408658,37.52289416609549
3110771,대림역 11번,191056,443667,영등포구,대림2동,126.8988628868371,37.49241417100042
3110772,신우어린이공원,191051,444852,영등포구,대림3동,126.89879193948084,37.50309103254977
3110773,당산역 13번,191087,448516,영등포구,양평2동,126.89915465916857,37.53610408406031
3110639,신방화역 8번,183627,451855,강서구,방화1동,126.8146749940266,37.566086019095295
3110640,방화역 1번,183716,453166,강서구,방화3동,126.81565326249788,37.577899580777924
3110641,공항고등학교,183939,452510,강서구,방화1동,126.81819214306506,37.57199300098482
3110642,정곡초등학교,183978,453168,강서구,방화3동,126.81861923583672,37.57792219512261
3110786,당산역 8번,191584,448284,영등포구,당산2동,126.90478057162831,37.53401843325648
3110787,신길3동주민센터,191661,445257,영등포구,신길3동,126.90568609063068,37.50674580845403
3110788,영등포시장역 3번,191702,446987,영등포구,영등포동,126.90613027820348,37.52233352432056
3110789,대림성모병원,191713,443474,영등포구,대림1동,126.90629428541293,37.49068135537327
3110810,영신초등학교,192632,445721,영등포구,신길1동,126.91666342067874,37.51093472393394
3110811,보라매역 4번,192689,444412,영등포구,신길6동,126.91732113238506,37.499141029237336
3110812,신길6동주민센터,192681,444264,영등포구,신길6동,126.91723213362471,37.49780747786807
3110604,신월4동주민센터,185801,447110,양천구,신월4동,126.83937402800503,37.52336983439267
3110605,목동센트럴아이파크앞,185913,446276,양천구,신월6동,126.8406570017279,37.51585721377825
3110606,신한은행 신월동지점,185964,446724,양천구,신월4동,126.84122532645456,37.51989447026174
3110607,금빛새마을금고본점,186338,446751,양천구,신월2동,126.84545548355003,37.520143351645594
3110697,개봉3동주민센터,187085,442783,구로구,개봉3동,126.85397516427814,37.484402313249085
3110698,개웅초등학교(개웅중학교),187021,443233,구로구,개봉3동,126.85324361249401,37.48845594025623
3110748,백산초등학교,191556,438797,금천구,시흥5동,126.90457258515943,37.44853971878937
3110620,목동보건지소,188258,448850,양천구,목4동,126.86714092211024,37.539081745942845
3110621,목동역 5번,188298,447305,양천구,목1동,126.86761812174178,37.525161822788036
3110622,달마을공원,188467,449542,양천구,목2동,126.8694948546841,37.545319284332244
3110635,공항시장역 3번,183536,451639,강서구,공항동,126.81364982337973,37.56413825633674
3110636,방화역 2번,183479,452754,강서구,방화1동,126.81297954691757,37.57418328295361
3110637,송정역 2번,183536,451403,강서구,공항동,126.81365511965096,37.562011915923925
3110638,신방화역 2번,183578,452151,강서구,방화1동,126.81411374137508,37.56875208070871
3111026,문정역 2번,211145,442739,송파구,문정1동,127.12601152245665,37.48402890980623
3111027,문정초등학교,211186,443249,송파구,문정1동,127.12648283683586,37.48862354516315
3111025,경찰병원역 3번,211131,443863,송파구,가락2동,127.12587022274428,37.494156381623775
3110830,상도초등학교,194593,444510,동작구,상도4동,126.93885241447533,37.50003712222016
3110831,상도4동주민센터,194748,444356,동작구,상도4동,126.94060640252178,37.49865046770086
3110880,신림역 1번,194115,442727,관악구,서원동,126.93346098403177,37.483969250297825
3110881,구립대학경로당(관악산샘말공원),194358,440921,관악구,대학동,126.9362223021795,37.46769853841552
3110882,신성초등학교,194361,441512,관악구,서림동,126.93625169251668,37.473023526393646
3110942,염곡동 구룡사(포이동성당),204060,441129,서초구,양재2동,127.04589577327441,37.46958093920278
3110943,법제교육센터(버들어린이공원),204103,441561,서초구,양재2동,127.0463842665295,37.47347311339665
3110944,서울나래학교(염곡어린이공원),204555,440360,서초구,내곡동,127.05148668646524,37.46264985921237
3110968,강남구청역 2번,203552,446131,강남구,논현2동,127.04017728415381,37.514651405696064
3110969,베르사이유1아파트,203564,444383,강남구,역삼2동,127.04030454992456,37.498901794389674
3110970,학동초등학교,203644,445789,강남구,논현2동,127.04121621721019,37.51156961384925
3110971,선정릉역 4번,203791,445313,강남구,역삼1동,127.04287643755754,37.50728024088782
3110972,강남세브란스병원미래의학연구센터,203759,443901,강남구,역삼2동,127.04250730304766,37.49455817070105
3110973,강남구청역 4번,203850,446594,강남구,청담동,127.04355043686776,37.518821856356446
3111037,Sh수협은행 오금동금융센터(아랫말어린이공원),212170,445014,송파구,오금동,127.13763832029571,37.504513831140805
3111017,송파나루역 3번,210209,445524,송파구,방이2동,127.11546723853742,37.50913270698353
3111018,풍납초등학교(풍납백제문화공원),210296,448588,송파구,풍납1동,127.11649415206809,37.536738404045565
3111041,거여역 8번,212496,443841,송파구,거여1동,127.14130533593624,37.49394070670083
3111042,거여역 1번(거여공원),212696,444196,송파구,거여1동,127.14357306164347,37.49713654406891
3110848,양지어린이공원,197855,442468,동작구,사당1동,126.97574820925163,37.48165188517359
3111077,길동주민센터(강동도서관),212662,448642,강동구,길동,127.14326513418865,37.537195500867774
3111028,문현중학교(장지역 1번),211262,442494,송파구,장지동,127.12733063992445,37.48182002557716
3111050,강동구청(강동구청역 2번),211002,447924,강동구,성내1동,127.12447223310747,37.5307476217246
3111051,천호역 6번,210995,448365,강동구,성내2동,127.1243996374976,37.53472111071503
3111052,암사역 3번(천호동자전거거리),211055,449828,강동구,천호2동,127.12510051019554,37.54790198936116
3111053,성내천어린이공원(하니사랑길),211079,447418,강동구,성내1동,127.12533575007856,37.526187642325176
3110823,신대방삼거리역 3번,193495,443992,동작구,신대방2동,126.92643975532327,37.49536283253441
3110824,대방역 3번,193544,445834,동작구,대방동,126.92697769750927,37.51195968526966
3110825,신대방삼거리역 1번,193977,444086,동작구,상도3동,126.93188956480161,37.496213046443046
3110871,신원동주민센터,193568,442344,관악구,신원동,126.92727965292688,37.480514744310774
3110849,이수역 10번,197978,442939,동작구,사당3동,126.97713757819878,37.48589591263276
3110898,청림동주민센터(상도중학교),196323,443504,관악구,청림동,126.95842194720214,37.49098150293651
3110899,낙성대역 5번(관악중학교),196737,442198,관악구,행운동,126.96310907993906,37.47921589038771
3111029,오금역 4번,211264,444277,송파구,가락2동,127.12738052925893,37.497884928294894
3111030,방이역 2번,211448,445215,송파구,오금동,127.12947590742026,37.506334079138135
3110856,미성초등학교,192319,442269,관악구,미성동,126.91315922448254,37.47982945317871
3110857,미성동주민센터,192423,441763,관악구,미성동,126.91434024298789,37.475271208267024
3110858,신대방역 1번,192456,443061,관악구,신사동,126.91470002177657,37.48696656212724
3110859,난향초등학교,192625,440416,관악구,난향동,126.916637376392,37.46313623867954
3110872,신림초등학교,193607,442092,관악구,신원동,126.92772277446338,37.47824447329985
3110873,당곡중학교,193763,443532,관악구,보라매동,126.9294742646681,37.49122005096885
3110926,신중초등학교,200709,442463,서초구,서초3동,127.00801608855255,37.481609051735134
3110900,낙성대역 1번(관악구민 종합체육센터),196764,441656,관악구,인헌동,126.96341671782614,37.474332513851415
3110983,국립국악고등학교,204448,442053,강남구,개포4동,127.05028744787174,37.47790448472096
3110984,포이초등학교(개포목련어린이공원),204610,441598,강남구,개포4동,127.05211611260901,37.473804098067625
3110985,청담근린공원,204605,447083,강남구,청담동,127.05209390733614,37.52322430097347
3110986,삼성중앙역 7번,204629,445676,강남구,삼성2동,127.052356548874,37.510547066358605
3110987,영동대교남단,204745,447403,강남구,청담동,127.05367971777855,37.52610679807326
3110832,노량진초등학교,194858,445646,동작구,노량진1동,126.9418413498675,37.51027405078857
3110833,상도역 2번,195157,444896,동작구,상도2동,126.94522812869438,37.503518132531745
3110834,동작구자원봉사센터,195216,445472,동작구,노량진1동,126.94589164292432,37.50870822761033
3110909,남태령역(서울전자고등학교),199023,440767,서초구,방배2동,126.98895610133269,37.46632767619737
3110910,내방역 5번,199070,443205,서초구,방배4동,126.98948430655278,37.48829433820564
3110911,방배배수지체육공원,199100,441477,서초구,방배3동,126.98982563370724,37.47272493080895
3110912,방배동사이길,199133,443860,서초구,방배본동,126.99019588863594,37.49419599826771
3111002,한국교통안전공단 강남자동차검사소,210568,441126,강남구,세곡동,127.11946451874083,37.4695024332252
3110927,잠원역,200988,445925,서초구,잠원동,127.01117516268238,37.51280164188977
3110928,서초우방유쉘아파트,201045,443283,서초구,서초3동,127.011816131805,37.48899700142992
3110929,남부터미널역 1번,201821,443233,서초구,서초1동,127.02059047499684,37.48854529413417
3110988,청담역 3번,204796,446536,강남구,삼성1동,127.05425101906182,37.51829484426531
3110989,대치동아우편취급국,204819,444825,강남구,대치4동,127.05449997860173,37.502878544358616
3110990,청담역 12번,204869,446787,강남구,청담동,127.05507843669162,37.52055597896897
3110991,삼성중앙역 5번,204965,445889,강남구,삼성1동,127.05615833085423,37.512464459120494
3111054,암사역 4번(삼성광나루아파트),211333,450498,강동구,암사2동,127.12825674847986,37.553935288237795
3111055,선사초등학교,211367,450633,강동구,암사2동,127.12864361999064,37.55515121358037
3111056,천호태영아파트,211384,448701,강동구,천호3동,127.12880605851154,37.53774374681216
3111057,천호공원(해공체육문화센터),211478,449321,강동구,천호2동,127.12987932321663,37.54332876710307
3110883,은천초등학교(은천교앞),194431,443088,관악구,보라매동,126.93703112025764,37.487223846511434
3110884,봉천역 4번(봉천110안전센터),194626,442864,관악구,은천동,126.93923762562211,37.485206743766895
3111003,삼전역 4번,207293,444982,송파구,잠실본동,127.0824809580479,37.504276899620265
3111004,삼전역 1번,207529,445253,송파구,잠실본동,127.08515279573975,37.50671672745682
3111005,삼전역 3번,207842,444670,송파구,삼전동,127.08868660012052,37.501461266767535
3111006,석촌고분역 1번,208309,445053,송파구,삼전동,127.09397230648412,37.50490803067036
3111059,강동역 4번(강풀만화거리),211519,448272,강동구,성내2동,127.13032680682069,37.533876788109865
3110829,장승배기역 5번,194538,445369,동작구,노량진2동,126.93822404487153,37.507776431607745
3110877,신림역 8번,194080,442990,관악구,신림동,126.93306314109579,37.486338677230954
3111058,성내중학교,211510,447825,강동구,성내1동,127.13021797817682,37.529849435267344
3110850,사당역 10번,198068,442220,동작구,사당1동,126.97815707930891,37.47941785252698
3110851,경문고등학교(동작동성당),198202,443594,동작구,사당2동,126.9796687098256,37.49179797650655
3110945,본마을노인복지센터(서초구립내곡도서관),204653,439500,서초구,내곡동,127.05258898631524,37.454900667788976
3110946,청계산원터골,204990,438236,서초구,양재2동,127.05638926596025,37.44351010149927
3110947,청계산입구역 2번(내곡동주민센터),205203,438567,서초구,내곡동,127.05879859538975,37.44649128517344
3111060,암사역 2번(서울강동초등학교),211503,449728,강동구,천호2동,127.13016858602187,37.54699551295604
3110860,호림박물관(성보고등학교),192858,442483,관악구,미성동,126.91925103502298,37.48176193235565
3110861,관악구신사동주민센터,192729,442721,관악구,신사동,126.91779018557327,37.483905325185546
3111019,한성백제역 3번,210404,446016,송파구,방이2동,127.11767970969707,37.5135634626904
3111020,방이동고분군(방산고등학교),210664,445286,송파구,방이1동,127.1206099818534,37.50698317749334
3110901,인헌고등학교(인헌중학교),197183,441216,관악구,인헌동,126.96815523319425,37.470369440518155
3110902,사당역 4번,198001,441642,관악구,남현동,126.97740115501247,37.47420987457289
3110903,방배아이파크아파트,198645,443636,서초구,방배본동,126.98467795466243,37.49217715544628
3111031,장지동주민센터(한림연예예술고교),211550,442964,송파구,장지동,127.1305941940208,37.486051200890266
3111032,방이역 1번,211513,445488,송파구,오금동,127.13021532267395,37.50879300826817
3110862,난곡초등학교(난곡동벽화마을),192771,441384,관악구,난곡동,126.91827817871315,37.4718591698255
3110913,방현초등학교(방배119안전센터),198951,441910,서초구,방배3동,126.9881405944352,37.476626146972635
3110914,내방역 6번,199218,443346,서초구,방배4동,126.99115762197954,37.48956489631155
3110930,서초동성당,201869,443675,서초구,서초1동,127.02113434425956,37.49252765149737
3110931,삼성전자서울R&D(서울우면초등학교),201846,440746,서초구,양재1동,127.02086692437558,37.466137137513066
3110932,서울시인재개발원,202047,442729,서초구,서초1동,127.02314450898045,37.48400374005414
3110933,한국상담대학원대학교,202095,443011,서초구,서초1동,127.02368802557318,37.48654447590172
3110934,우면주공아파트,202315,441057,서초구,양재1동,127.02616941071274,37.46893822662192
3110935,한전아트센터,202358,442988,서초구,서초2동,127.02666167514542,37.486336610397004
3110992,도곡초등학교,205007,444509,강남구,대치4동,127.05662399395345,37.50003036704141
3110993,개포지하차도 북측,205172,442045,강남구,개포1동,127.05847266511807,37.477828636839426
3110994,개포고등학교,205433,442662,강남구,개포2동,127.06142798105036,37.48338636262938
3110995,봉은사역 4번,205554,446410,강남구,삼성1동,127.0628243482368,37.51715533112735
3110996,대치2동주민센터,205656,444713,강남구,대치2동,127.06396507703604,37.50186467208032
3110835,상도역 1번,195387,444723,동작구,상도1동,126.94783039548784,37.50196057073668
3110836,상도역 5번,195705,444812,동작구,상도1동,126.95142621863678,37.50276399907485
3110915,서래초등학교,199372,443950,서초구,방배본동,126.99289844460696,37.49500709788962
3111007,석촌고분역 4번,208301,444502,송파구,삼전동,127.09387561308928,37.499943567584296
3111008,석촌고분역 3번,208871,444507,송파구,석촌동,127.1003217674192,37.49998331948502
3110878,미림여고,194051,440617,관악구,삼성동,126.93275440086107,37.46495754205565
3110879,신림현대아파트,194114,441623,관악구,삼성동,126.93345849830335,37.47402210757342
3110936,더케이호텔(양재리본타워2단지아파트),203096,440710,서초구,양재2동,127.03499659545136,37.46580943362619
3110937,방아다리근린공원(횃불트리니티신학대학원대학교),203216,442094,서초구,양재1동,127.03635909218839,37.47827900553919
3110938,바우뫼공원,203215,441748,서초구,양재1동,127.03634627667476,37.475161516136076
3111043,마천공원,212869,444598,송파구,마천2동,127.14553646050463,37.500756183807006
3111044,남천초등학교,213170,444431,송파구,마천2동,127.14893749244365,37.49924726592884
3110885,영락고등학교,194629,441770,관악구,서림동,126.93927952242284,37.47534972675296
3110886,관악해태어린이공원,194687,441400,관악구,서림동,126.93993789413283,37.47201632617376
3110887,서울산업정보학교(서울삼성초등학교),194840,441125,관악구,대학동,126.94166944457962,37.469539414833946
3110948,헌인가구단지,207939,439987,서초구,내곡동,127.08973311889417,37.459266232558974
3111009,송파책박물관,208954,444377,송파구,석촌동,127.10125882793189,37.49881121238397
3111010,석촌역 7번,208985,445109,송파구,석촌동,127.10161833772673,37.5054062634517
3111011,잠실나루역,209225,446847,송파구,잠실4동,127.10435448058153,37.52106332251792
3111012,석촌역 6번,209339,444753,송파구,석촌동,127.10561747375874,37.50219517719213
3111013,송파나루역 1번(송리단길),209567,445551,송파구,송파1동,127.10820636509024,37.509382852628754
3111045,개미어린이공원,213176,443573,송파구,거여2동,127.14898998707609,37.491516567954285
3111046,마천역(마천초등학교),213476,444071,송파구,마천1동,127.15239139655954,37.495999240540726
3111047,마천1치안센터,213853,444135,송파구,마천1동,127.15665583665135,37.49657030635304
3110826,장승배기역 4번,194212,444888,동작구,상도2동,126.93454072724737,37.50344061329934
3110827,NH농협은행 상도동지점,194245,444648,동작구,상도4동,126.93491581693598,37.5012784070823
3110828,노량진역 6번,194358,445728,동작구,노량진2동,126.93618546819476,37.511009954205484
3110852,이수역 9번,198205,442660,동작구,사당1동,126.97970490974784,37.48338256793148
3110853,KT구로지사,191353,442391,관악구,조원동,126.90223628689705,37.4809201509186
3110854,조원동주민센터,191838,442556,관악구,조원동,126.90771790286111,37.482411223638444
3110855,신대방역 2번,192238,442777,관악구,조원동,126.9122380925766,37.484405896181045
3110949,한남IC,201701,446824,강남구,신사동,127.01924190902562,37.520900625032915
3110950,논현역 7번,202115,446018,강남구,논현1동,127.02392280625415,37.51363768176311
3110951,신사은행나무공원,202237,446807,강남구,신사동,127.02530515090473,37.520746311113015
3110952,논현목련공원,202337,445761,강남구,논현1동,127.02643303571321,37.51132156590984
3110953,학동근린공원,202401,446272,강남구,논현1동,127.02715858682251,37.51592553184007
3110954,국기원,202530,444776,강남구,역삼1동,127.02861260731483,37.502446158373125
3110955,논현초등학교,202603,445503,강남구,논현1동,127.02944076055603,37.508996262830124
3110956,언주역 8번,202762,445017,강남구,역삼1동,127.03123727641653,37.504616916864755
3111048,천호역 1번(천호문구완구거리),210722,449052,강동구,천호2동,127.12132089509707,37.54091418243181
3111049,천호지구대(천호동자전거거리),210912,449349,강동구,천호2동,127.12347517955997,37.54358791690794
3110863,난우초등학교,192760,441872,관악구,미성동,126.91814903209799,37.4762560085099
3111021,방이역 4번,210857,445756,송파구,방이1동,127.12279974688528,37.51121564107836
3111022,석촌중학교(방이육교),211018,444834,송파구,가락본동,127.12460694915103,37.502906487064415
3111023,문정역 1번,210889,443165,송파구,문정1동,127.1231233502374,37.48787024777591
3110904,이수역 5번,198658,442868,서초구,방배2동,126.984826355552,37.4852574343676
3110905,방배노인종합복지관(이수중학교),198767,442486,서초구,방배2동,126.98605942962958,37.481815733304714
3110906,서문여고,198789,443409,서초구,방배4동,126.98630664868188,37.490132068488606
3110907,방배초등학교,198700,443064,서초구,방배4동,126.98530089260097,37.48702347050339
3110908,구반포역,198833,444737,서초구,반포본동,126.98680207203515,37.50209749402901
3111033,문정동성당,211788,443156,송파구,장지동,127.13328829277718,37.487778126640926
3111034,오동나무공원(송파레미니스1단지),211895,445248,송파구,오금동,127.13453196048948,37.50662576054443
3110864,신림우방아파트,192874,443085,관악구,신사동,126.91942610947666,37.48718612163995
3110865,남강고등학교(남강중학교),193005,441570,관악구,난곡동,126.92092171529349,37.473536847262565
3110916,내방역 4번,199314,442867,서초구,방배1동,126.9922435775226,37.48524914404242
3110939,양재역 8번(양재동우체국),203504,442512,서초구,양재1동,127.03961711792392,37.482044176111465
3110940,양재근린공원(양재2동주민센터),203594,441388,서초구,양재2동,127.0406291976269,37.47191648467483
3110941,언남고등학교,203702,441596,서초구,양재2동,127.04185115304308,37.473790159444405
3111024,경찰병원역 4번(건너말공원),210919,443695,송파구,가락본동,127.12347042338958,37.492645223029825
3110997,대청초등학교,207481,443569,강남구,일원1동,127.08459279952699,37.491544188739695
3110998,은곡마을(은곡마을공원),208665,440810,강남구,세곡동,127.09794863113454,37.46667503304304
3110999,윗방죽마을공원,209190,441356,강남구,세곡동,127.10388999835395,37.47158947606482
3111000,대왕초등학교(세곡동사거리서남측),209464,440465,강남구,세곡동,127.10697603547517,37.46355871743175
3111001,아래방죽마을공원(율현초등학교),209611,441303,강남구,세곡동,127.10864856928458,37.47110766115253
3110837,숭실대입구역 1번,195884,443947,동작구,상도1동,126.95345543447249,37.49497111222602
3110838,상도1동주민센터앞,195911,444210,동작구,상도1동,126.95375929484123,37.49734087900624
3110839,숭실대입구역 4번,196190,443894,동작구,상도1동,126.95691601812626,37.494494891316954
3110888,청룡동주민센터,195012,442181,관악구,청룡동,126.94360664715312,37.47905502019646
3110917,서초소방서,199357,444216,서초구,반포4동,126.99272858909924,37.49740376539021
3110918,방배역 3번,199432,442516,서초구,방배1동,126.99357804332585,37.48208668385183
3110919,내방역 8번,199552,443466,서초구,방배4동,126.99493421679534,37.490646327770875
3110920,방배역 2번(백석예술대학교),199665,442337,서초구,방배3동,126.99621248371437,37.48047399158444
3110874,원신초등학교(구세군관악영문교회),193872,440965,관악구,삼성동,126.9307281502625,37.46809189016671
3110875,보라매동주민센터(당곡고등학교),194004,443276,관악구,보라매동,126.93220148830412,37.488915068375626
3110876,서원동주민센터(신관중학교),194029,442218,관악구,서원동,126.9324927479113,37.479382566439355
3111089,상일여고(상일초등학교),215142,449858,강동구,상일동,127.17135024456684,37.54811423179494
3111090,강일동주민센터,215352,451742,강동구,강일동,127.17376605352426,37.565085473474284
3111061,암사역 1번,211593,450267,강동구,암사1동,127.13119554025,37.55185075538313
3111062,둔촌동역 3번(성내3동주민센터),211636,447220,강동구,성내3동,127.13163389250455,37.5243968073635
3110889,봉천역 6번,195155,442768,관악구,은천동,126.94521951542806,37.48434470072742
3110890,봉천역 1번(관악초등학교),195190,442296,관악구,청룡동,126.94561832862236,37.48009212372077
3110891,구암초등학교,195414,443215,관악구,성현동,126.94814514042771,37.488373527251575
3110957,언북중학교,202797,446468,강남구,논현2동,127.03163863224623,37.517690383667826
3110958,역삼역 4번,202887,444846,강남구,역삼1동,127.032650312549,37.50307581535111
3110959,신구중학교,202859,447326,강남구,압구정동,127.03234329010427,37.5254207967679
3110960,은광여고,203027,443113,강남구,도곡1동,127.03422650536992,37.487460921214144
3111014,송파나루역 2번,209833,445902,송파구,방이2동,127.11121961236134,37.5125425779649
3111015,석촌역 3번,209895,445180,송파구,송파1동,127.11191117169507,37.50603667404324
3111016,송파역 2번,210199,444586,송파구,송파2동,127.11534113261456,37.500681404240055
3111038,보인중학교,212297,444483,송파구,오금동,127.13906576695737,37.49972782218089
3111039,벌말어린이공원,212262,444754,송파구,오금동,127.13867447153532,37.50217000650291
3110843,사당5동주민센터,197095,442986,동작구,사당5동,126.96715345813965,37.486317032647825
3110844,흑석2치안센터,197209,445122,동작구,흑석동,126.96843434521958,37.505562885150574
3111063,강동구립 천호도서관,211691,448962,강동구,천호3동,127.13228380422073,37.54009151114284
3111064,둔촌동역 4번,211697,447577,강동구,성내3동,127.13232964353003,37.52761260530839
3111065,천일초등학교,211843,449114,강동구,천호3동,127.13400613278739,37.54145908808072
3110961,언주역 3번,203028,445716,강남구,논현2동,127.03424852226986,37.51091410642729
3110962,도산공원북측,203103,447371,강남구,압구정동,127.03510380239632,37.525825459509036
3110963,역삼월드메르디앙아파트,203282,443673,강남구,역삼1동,127.03711230427788,37.4925056925723
3110964,싸리고개근린공원,203329,443418,강남구,도곡1동,127.03764261924843,37.49020795593002
3110965,언주역 6번,203346,445193,강남구,역삼1동,127.0378429161328,37.506200754637085
3111035,오금공원(오주중학교),211906,444832,송파구,오금동,127.13464963793048,37.502877446707714
3110821,보라매역 2번,193222,444165,동작구,신대방2동,126.92335100919047,37.496919610156816
3110822,신대방삼거리역 4번(대림초등학교),193481,444719,동작구,대방동,126.92627500021709,37.50191304446327
3110866,난우중학교,193145,441089,관악구,난곡동,126.92250888426989,37.46920403931831
3110845,사당종합체육관,197367,443492,동작구,사당3동,126.97022712492597,37.49087694684154
3110846,남성역 1번,197550,442407,동작구,사당4동,126.97230002266343,37.48110151163349
3110847,예술인마을,197545,441956,동작구,사당1동,126.9722449950684,37.47703794678495
3110895,샤로수길,196117,441883,관악구,낙성대동,126.9561011279273,37.47637531474311
3111066,암사동성당(효정하나플러스아파트),211877,449977,강동구,암사1동,127.1344048084421,37.54923425244234
3111067,강동구립성내도서관,211931,448063,강동구,성내3동,127.13498479934741,37.531988464913475
3111068,강동성심병원,211962,448499,강동구,길동,127.13534262472469,37.53591641659651
3111069,천호1동주민센터,212044,449449,강동구,천호1동,127.13628598009838,37.544474825181176
3111036,투구봉어린이공원,212118,443829,송파구,가락2동,127.13703070858396,37.4938376214479
3110840,중앙대학교,196335,445395,동작구,흑석동,126.95854822113027,37.50801957342652
3110867,국제신학대학원대학교(남서울중학교),193263,442535,관악구,신원동,126.92382957139145,37.48223349725715
3110868,남부초등학교,193212,442810,관악구,신사동,126.9232504169453,37.48471089568093
3110869,"신림역 5번(신림동주민센터, 신림동별빛거리)",193410,443070,관악구,신림동,126.92548680651547,37.48705494828831
3110870,신림주공2단지(광신고등학교),193495,440449,관악구,삼성동,126.92647104105255,37.46344010028365
3110896,관악우성아파트,196226,442968,관악구,행운동,126.95732785728279,37.48615171097216
3110897,서울대입구역 8번,196233,442468,관악구,행운동,126.95740956273038,37.481646697842024
3110974,언주중학교,203972,446014,강남구,삼성2동,127.04492734334141,37.5135955199018
3110975,매봉역 1번,203984,443063,강남구,도곡1동,127.04504709957133,37.48700678702529
3110976,언북초등학교,204115,446924,강남구,청담동,127.04654991056013,37.521794022013864
3110977,논현로18길,204154,442000,강남구,개포4동,127.04696329450157,37.47742831770247
3111070,천호초등학교,212144,449775,강동구,천호1동,127.13742293636366,37.547410762366354
3111071,천동초등학교,212285,448978,강동구,길동,127.1390051712396,37.5402279504402
3111072,굽은다리역 1번(십자성마을),212306,449281,강동구,천호1동,127.1392478634447,37.54295769170239
3111073,둔촌동역 1번(한산중학교),212348,447971,강동구,둔촌2동,127.13970109005331,37.53115405950385
3110841,중대부중,196769,445000,동작구,흑석동,126.96345856937822,37.50446222425493
3110842,흑리단길,196906,445314,동작구,흑석동,126.96500666857686,37.507291849271816
3110921,서울프랑스학교,199704,444220,서초구,반포4동,126.99665266148172,37.49743998201074
3110922,내방역 1번,199733,442978,서초구,방배1동,126.99698106061803,37.48624947929316
3110923,방배역 1번,199982,442335,서초구,방배3동,126.99979649171095,37.48045603193269
3110924,반포4동주민센터(몽마르뜨공원),200061,444151,서초구,반포4동,127.00068981742254,37.49681833288997
3110925,서초중학교,200617,443038,서초구,서초3동,127.00697640080861,37.48678991680312
3110978,도곡2동주민센터(대치중학교),204135,442692,강남구,도곡2동,127.0467523734254,37.483663383777404
3110979,청담초등학교,204205,447539,강남구,청담동,127.04757153112553,37.52733477902144
3110980,개포지구대옆,204236,442346,강남구,개포4동,127.04789233962612,37.4805454368145
3110981,국악고교사거리,204328,441797,강남구,개포4동,127.04892926875071,37.475598470393415
3110982,강남구보훈회관,204400,446173,강남구,삼성2동,127.04976940660319,37.515026175047964
3111040,거여초등학교,212430,444869,송파구,오금동,127.14057636913041,37.50320391428926
3111074,명일역 1번,212387,450205,강동구,암사1동,127.14018000099055,37.55128181237798
3111075,굽은다리역 2번,212465,449915,강동구,천호1동,127.14105777722531,37.548667873482714
3111076,둔촌2동주민센터,212654,448239,강동구,둔촌2동,127.14316767622354,37.53356458912888
3110892,관악구 중앙길,195677,442761,관악구,중앙동,126.95112160044752,37.484284219236116
3110893,관악소방서(문영여고),195802,441665,관악구,청룡동,126.95254116974414,37.474409737121945
3110894,관악동부센트레빌아파트(은천로35라길),195881,443185,관악구,성현동,126.95342577306633,37.48810542459207
3110966,논현2동주민센터,203386,446575,강남구,논현2동,127.03830167448663,37.518652484450016
3110967,역삼역 8번,203374,445011,강남구,역삼1동,127.03815875854602,37.504560823474804
3120044,삼각지역,197638,448269,용산구,한강로동,126.97327613890431,37.53391864671039
3120045,남영동 먹자골목,197641,449262,용산구,남영동,126.9733068920239,37.54286558593868
3120046,이태원(이태원역),199539,448381,용산구,이태원1동,126.99478413778357,37.534930676156144
3120100,망원역,192088,450652,마포구,망원1동,126.91045735413947,37.55535853038764
3120101,합정역,192355,449998,마포구,서교동,126.91348588732001,37.549468262404794
3120158,녹두거리(대학동),194428,441211,관악구,대학동,126.93701139594275,37.47031189276306
3120047,한남오거리,200669,448168,용산구,한남동,127.0075690290704,37.53301141680184
3120048,금호역,201735,449865,성동구,금호4가동,127.01963370266444,37.54829999550683
3120105,상수역(홍대),193209,449875,마포구,서강동,126.92315124845221,37.54836672037311
3120102,서교동(홍대),192713,450597,마포구,서교동,126.91753121902063,37.554868134491784
3120103,홍대입구역(홍대),192825,450117,마포구,서교동,126.91880344160859,37.55054422664607
3120104,연남동(홍대),193150,451174,마포구,연남동,126.9224714657634,37.56007023507463
3120157,신림역(신림),193830,442811,관악구,신림동,126.93023791719077,37.484724238201885
3120154,장승배기역,194741,444997,동작구,상도2동,126.94052266021389,37.5044258725142
3120155,총신대학교,196863,443233,동작구,사당5동,126.96452920576121,37.488541763695316
3120156,"총신대입구역(이수, 총신대)",198382,442950,동작구,사당2동,126.98170551541705,37.48599581916168
3120042,"숙대입구역(남영역, 남영동)",197505,449194,용산구,남영동,126.97176822424127,37.54225254838164
3120043,서울역,197609,450759,중구,회현동,126.97293992249331,37.556353450145394
3120001,서대문역,197004,451905,종로구,교남동,126.96608817274021,37.566677102939934
3120049,왕십리역(왕십리),203287,451265,성동구,행당1동,127.03720279807932,37.56090973532495
3120050,서울숲역,204150,449189,성동구,성수1가1동,127.04695863222238,37.54220153634795
3120051,뚝섬역,204279,449686,성동구,성수1가2동,127.04842120587679,37.54667891193152
3120052,성수역,205008,449464,성동구,성수2가3동,127.0566690594387,37.54467502389429
3120053,건대입구역(건대),206135,449004,광진구,화양동,127.0694180102895,37.54052361998077
3120054,어린이대공원역,206380,449814,광진구,군자동,127.07219724027671,37.547820046908846
3120055,군자역,207011,450848,광진구,군자동,127.0793476213953,37.55713177654428
3120056,구의역,207505,448675,광진구,구의1동,127.08491629282449,37.53754920268015
3120108,신정네거리역,186973,446939,양천구,신정4동,126.8526352486175,37.52184641197067
3120109,서울남부지방법원,187627,446919,양천구,신정1동,126.86003377953539,37.52167521099988
3120162,방배동카페골목,198745,444033,서초구,방배본동,126.98580805606072,37.495754294560726
3120163,사당역 11번(사당역먹자골목),198745,442219,서초구,방배2동,126.98581114766932,37.47941000949856
3120164,내방역,199436,443193,서초구,방배4동,126.9936227499084,37.48818651312079
3120002,서촌(경복궁역),197511,453304,종로구,사직동,126.97182217376677,37.579283529870374
3120003,광화문역,197756,452492,종로구,사직동,126.97459828971189,37.57196808426292
3120004,종로구청,198330,452729,종로구,종로1?2?3?4가동,126.98109533500013,37.57410466145737
3120005,삼청동,198327,453771,종로구,삼청동,126.98105899645378,37.58349301373539
3120057,아차산역,207685,450529,광진구,중곡2동,127.08697232874627,37.55425222476908
3120058,구의사거리,207770,449446,광진구,구의1동,127.0879228233173,37.544493709236626
3120110,목동역 8번출구,187758,447371,양천구,신정4동,126.8615081498464,37.52574947721169
3120111,목동사거리,187899,448051,강서구,화곡4동,126.86309205939345,37.531878131050874
3120112,등촌역,188046,450164,양천구,목3동,126.86472078637462,37.5509181198166
3120106,마포역,195229,448938,마포구,용강동,126.94601617916638,37.53993702437845
3120107,공덕역(공덕오거리),195756,449256,마포구,도화동,126.95197733961056,37.54280477812483
3120159,서울대입구역,195747,442391,관악구,청룡동,126.95191519812431,37.48095081268923
3120160,사당역(사당),198414,442010,서초구,방배2동,126.98206935862181,37.47752639125283
3120161,방배동가구거리(사당동가구거리),198539,443946,서초구,방배본동,126.9834787145183,37.49497011583308
3120006,종각역,198542,452315,종로구,종로1?2?3?4가동,126.98349603169189,37.57037490191488
3120007,북촌(안국역),198741,453290,종로구,가회동,126.98574695667236,37.57915989328047
3120008,인사동,198695,452707,종로구,종로1?2?3?4가동,126.98522723193123,37.57390703196603
3120059,구삼강변맛길,208190,448825,광진구,구의3동,127.09266847748853,37.53889487383089
3120060,강변역(테크노마트),208364,448372,광진구,구의3동,127.09463209799448,37.534811785832595
3120061,올림픽대교북단,208468,449028,광진구,구의3동,127.09581633739666,37.5407213910826
3120062,신설동역,202164,452823,동대문구,용신동,127.024497100405,37.57495056845485
3120063,청량리역(청량리),204223,453496,동대문구,전농1동,127.04780944194178,37.58100711945642
3120113,오목교역,188859,447176,양천구,목1동,126.87396651909376,37.524006475648484
3120114,목동신시가지,188989,447968,양천구,목1동,126.87542528536237,37.53114395403733
3120115,김포공항역(김포공항),182509,451952,강서구,방화2동,126.80201817298321,37.56693943739412
3120175,남부터미널역,201602,442852,서초구,서초1동,127.01811336179759,37.48511285891225
3120010,원남동사거리,199800,452831,종로구,종로1?2?3?4가동,126.99773594038506,37.57502516803858
3120064,경희대학교(경희대),204632,454773,동대문구,회기동,127.0524478846258,37.592510827212735
3120065,회기역,205089,454430,동대문구,휘경1동,127.05762008594603,37.5894180127353
3120116,송정역,183179,451334,강서구,공항동,126.80961608028845,37.56138378509555
3120176,논현역 4번,201666,445438,서초구,반포1동,127.01884284504102,37.50841277570839
3120177,신논현역 1번,201758,445107,서초구,반포1동,127.01988259526811,37.50543027854698
3120009,종로3가역,199178,452457,종로구,종로1?2?3?4가동,126.99069513429947,37.57165510209864
3120165,서래마을카페거리(서래마을),199830,444291,서초구,반포4동,126.99807752566676,37.498079728383495
3120166,방배역,199758,442469,서초구,방배1동,126.99726390009168,37.48166335251674
3120167,고속터미널(고속터미널역),200465,445065,서초구,반포4동,127.00525902182616,37.50505341252054
3120168,서울고교교차로,200389,442559,서초구,서초3동,127.00439815853709,37.482474210317946
3120013,이화사거리,200140,452821,종로구,종로5?6가동,127.00158483982133,37.57493507964541
3120066,장한평역(장한평),205699,451402,동대문구,장안1동,127.06450325618981,37.56213234191365
3120067,장안동사거리,206315,452490,동대문구,장안2동,127.07148472007246,37.571931154399905
3120068,사가정역,207784,453510,중랑구,면목3?8동,127.08812436220789,37.58111004634755
3120069,상봉역,207750,455204,중랑구,상봉2동,127.08775735921145,37.596373128943156
3120070,한성대입구역,200722,454401,성북구,삼선동,127.00817480174283,37.5891705056814
3120120,화곡역,185754,449079,강서구,화곡1동,126.83880416630873,37.54110975325988
3120121,까치산역,186514,447863,강서구,화곡1동,126.84742598554176,37.530165049640445
3120122,강서구청,186817,450350,강서구,화곡6동,126.85080932634085,37.55257721737214
3120169,서초역,200760,443557,서초구,서초3동,127.0085938332724,37.49146604063206
3120170,삼호가든사거리,200968,444742,서초구,반포4동,127.01094738816995,37.502142774318706
3120171,서초3동사거리,201041,442583,서초구,서초3동,127.01176991309515,37.48268994804575
3120014,종로5가역,200205,452485,종로구,종로5?6가동,127.00232056437183,37.571907724627984
3120015,종로6가,200621,452507,종로구,종로5?6가동,127.00702963068177,37.57210575706799
3120016,동대문역,201005,452410,종로구,창신1동,127.01137632245057,37.571231452916095
3120071,성북구청,201404,454424,성북구,삼선동,127.01589674974976,37.589376946564364
3120072,성신여대,201545,454756,성북구,동선동,127.01749391828598,37.59236801480705
3120073,미아사거리,202573,456478,성북구,길음2동,127.02913993403489,37.60788077539443
3120074,안암역,202609,454032,성북구,안암동,127.02953893066687,37.58584242955645
3120075,월곡역,203715,455955,성북구,월곡2동,127.04207074206094,37.60316469689532
3120076,수유역,202206,459794,강북구,수유3동,127.0249935589031,37.63775846565519
3120077,미아역,202289,458452,강북구,미아동,127.02592973155743,37.625667032174505
3120123,오류동역,186274,443987,구로구,오류1동,126.84478309040126,37.495238716981696
3120117,강서농산물도매시장,184207,450391,강서구,발산1동,126.82127145971705,37.552905609780034
3120118,마곡역(마곡),184704,451174,강서구,가양1동,126.82687963835888,37.559968767639305
3120119,발산역(마곡),185482,451168,강서구,가양1동,126.83568513889625,37.559927290899275
3120184,포이사거리(삼호물산),203986,441948,서초구,양재2동,127.04506367970757,37.47696053249972
3120185,논현역,201936,445730,강남구,논현1동,127.02189737579353,37.51104318245634
3120186,가로수길,201996,446810,강남구,신사동,127.0225789449648,37.52077389382864
3120011,종로4가,199787,452401,종로구,종로1?2?3?4가동,126.9975889014172,37.571150886858554
3120012,대학로(혜화역),200117,453688,종로구,혜화동,127.00132461165737,37.5827467014045
3120182,"양재시민의숲역(양재동꽃시장, aT센터)",203571,441107,서초구,양재2동,127.04036782735055,37.469384734597455
3120183,양재천카페거리,203846,442351,서초구,양재1동,127.04348301557079,37.48059219225856
3120017,동묘앞역(동묘),201294,452578,종로구,창신1동,127.01464801900576,37.572744764086856
3120018,중림동,197143,451108,중구,중림동,126.96766462208775,37.55949660361493
3120019,경찰청앞교차로,197338,451460,중구,소공동,126.96987034457037,37.56266869565678
3120020,시청역_1번,197752,451623,중구,소공동,126.97455567383845,37.564138422507476
3120021,시청역_8번,197724,451359,중구,소공동,126.97423957068088,37.561759723268
3120078,미아사거리역,202731,457002,강북구,송중동,127.03093128253391,37.61260150303619
3120079,창동역,204208,461419,도봉구,창5동,127.04768518990885,37.65239246410829
3120178,신사역,201729,446276,서초구,잠원동,127.01955735958383,37.515963075171285
3120179,양재역,203010,442784,서초구,도곡1동,127.03403294046717,37.484496660060245
3120180,양재화물트럭터미널앞,203255,440496,서초구,양재2동,127.03679295600678,37.463880723466325
3120022,북창동(시청역_6번),198025,451499,중구,소공동,126.97764599900339,37.56302181255746
3120023,서울시청,198049,452055,중구,명동,126.97791616374444,37.56803140163849
3120080,마들역,205070,462922,노원구,상계9동,127.05746383368468,37.665929860375286
3120126,디지털단지오거리,190133,442413,구로구,가리봉동,126.88844259150426,37.48110615433255
3120127,구로구청,190351,444133,구로구,구로5동,126.89088478047054,37.49660576225669
3120124,개봉동 현대아파트,187258,443281,구로구,개봉3동,126.85592258479969,37.4888917210359
3120125,구로역,189215,444765,구로구,구로2동,126.87802914643336,37.50228754471039
3120181,교육개발원입구사거리,203394,441974,서초구,양재1동,127.038370951405,37.47719715795056
3120172,교대입구교차로,201112,443144,서초구,서초3동,127.01257351118738,37.48774452227515
3120173,교대역(법원.검찰청),201307,443806,서초구,서초1동,127.0147795736092,37.49370893679033
3120174,논현역 5번,201472,445681,서초구,잠원동,127.01664914657664,37.510602546601746
3120024,회현역,198144,450868,중구,회현동,126.97899449435097,37.55733676970219
3120025,롯데백화점(시청광장 지하쇼핑센터),198298,451719,중구,소공동,126.98073543386651,37.56500454898951
3120084,공릉역,206501,458455,노원구,공릉1동,127.07364315857275,37.62567393004453
3120085,은행사거리,206780,461180,노원구,중계본동,127.0768289378521,37.65022373485967
3120086,태릉입구역,206799,457730,노원구,공릉1동,127.077012153305,37.61913962220151
3120087,응암역,192572,455461,은평구,응암1동,126.91588620727673,37.59869132855268
3120133,서울시흥동우체국(홈플러스시흥점),191269,439239,금천구,시흥1동,126.90132391118351,37.45251953006894
3120134,구로전화국,191634,442281,금천구,독산3동,126.9054145419079,37.47993162827735
3120135,양평역,190179,447330,영등포구,양평1동,126.88889704279723,37.52540900747815
3120026,을지로입구역,198533,451986,중구,명동,126.98339481342215,37.56741061226832
3120027,명동역(명동재미로),198568,451138,중구,명동,126.98379263879171,37.55977021816383
3120028,명동(명동거리),198560,451473,중구,명동,126.98370143738255,37.56278854470051
3120088,구산역,192675,456931,은평구,갈현2동,126.91703785789751,37.61193669331818
3120089,구파발역,192798,459742,은평구,진관동,126.91840326151333,37.63726438501466
3120090,연신내역,193120,457722,은평구,불광1동,126.92207043712689,37.619066940896616
3120136,영등포구청역,190525,447328,영등포구,당산1동,126.89281128917447,37.5253946047632
3120081,노원역,205487,461761,노원구,상계2동,127.06218142111479,37.65546707370536
3120082,상계백병원,205497,460926,노원구,상계6?7동,127.06228846200544,37.64794381105241
3120083,등나무근린공원,205863,460036,노원구,중계2?3동,127.06642859452448,37.63992279532918
3120128,신도림역,190308,445419,구로구,구로5동,126.89038157947542,37.50819222492761
3120129,구로디지털단지,190727,442738,구로구,구로3동,126.89515431983698,37.48404057803035
3120130,구로디지털단지역,191249,442646,구로구,구로3동,126.9010574261167,37.48321674132804
3120131,가산디지털단지,189641,441969,금천구,가산동,126.88288623812605,37.47710029831843
3120132,독산동,190614,441262,금천구,독산1동,126.89389548521771,37.470740558781436
3120030,중부경찰서(영화인의거리),199144,451473,중구,명동,126.9903114098835,37.5627892721598
3120091,본서부병원,193119,455668,은평구,응암1동,126.92207842001997,37.600560629824955
3120092,불광역,193770,456561,은평구,대조동,126.92944284713957,37.60861110244884
3120093,연희동,193815,451927,서대문구,연희동,126.92999160464343,37.56685943536896
3120094,"신촌역(신촌역, 신촌로터리)",194382,450780,서대문구,신촌동,126.93641829163414,37.55652864102824
3120140,문래동주민센터,190952,446141,영등포구,문래동,126.89765645285537,37.51470400084326
3120141,영등포청과시장교차로,190996,446852,영등포구,당산1동,126.89814543719618,37.52111055496124
3120142,대림역,190958,443850,영등포구,대림3동,126.89775247469098,37.494062057605184
3120143,당산역,191262,448366,영등포구,당산2동,126.90113646243866,37.53475425924634
3120031,을지로3가역,199259,451855,중구,을지로동,126.99161264533976,37.56623117746982
3120032,충무로역,199553,451319,중구,필동,126.99494074826379,37.56140202648682
3120096,"이화여대(이대역, 이대)",194941,450990,서대문구,신촌동,126.94274332269038,37.558423971816815
3120144,영중로,191608,447515,영등포구,영등포동,126.9050608920636,37.527089960245775
3120145,영등포역(영등포),191662,446554,영등포구,영등포동,126.90568269638135,37.51843182609498
3120146,한강성심병원,192123,447061,영등포구,영등포동,126.91089197114088,37.5230039545715
3120147,보라매역,193019,444434,동작구,대방동,126.92105283479724,37.49934180334875
3120033,을지로4가역,199709,451926,중구,을지로동,126.99670615237726,37.56687113657297
3120095,홍제역,195120,454298,서대문구,홍제1동,126.94474718990185,37.58822983459291
3120137,문래역(문래로데오거리),190815,446495,영등포구,문래동,126.89610240182596,37.51789219558914
3120138,당산2동(영등포우체국),190924,447794,영등포구,당산2동,126.89731933174514,37.529597277291366
3120139,대림3동사거리,190957,444527,영등포구,대림3동,126.89773284883364,37.50016185253768
3120029,을지로2가,198759,451740,중구,명동,126.98595335644623,37.565194494301046
3120149,여의도역(여의도),193481,447024,영등포구,여의동,126.92625456940182,37.5226811750762
3120150,63빌딩,194670,446691,영등포구,여의동,126.93970740059652,37.5196884695514
3120151,보라매공원,193370,443533,동작구,신대방2동,126.92503035748912,37.49122632464743
3120152,신대방삼거리역,193572,444444,동작구,대방동,126.92730654329986,37.49943591770157
3120153,노량진역(노량진),194719,446060,동작구,노량진1동,126.94026621686946,37.51400342189709
3120036,장충동족발거리(남소영길),200486,451165,중구,장충동,127.00550056095275,37.56001447161879
3120037,동대문역사문화공원역,200652,451769,중구,광희동,127.00737989015032,37.56545638813874
3120038,약수역,200886,450529,중구,다산동,127.0100270036947,37.554283830627085
3120039,신당역,201389,451766,중구,신당동,127.01572187665211,37.56542854209491
3120040,용산전자상가(용산역),196602,448198,용산구,한강로동,126.96155508063566,37.53327570203355
3120041,신용산역(용산역),196759,447723,용산구,한강로동,126.96333347099194,37.52899651132542
3120208,청담사거리(청담동명품거리),204217,447261,강남구,청담동,127.04770569306329,37.524829939190084
3120209,"강남구청(청담역_8번, 강남세무서)",204377,446586,강남구,청담동,127.04951170686684,37.51874742762321
3120210,선릉역,204364,445017,강남구,대치4동,127.04935534409961,37.50461073634166
3120211,도성초등학교,204639,444576,강남구,대치4동,127.05246271839206,37.50063596235816
3120212,한티역,204740,444220,강남구,대치4동,127.05360263990124,37.49742786864853
3120213,삼성중앙역,204752,445788,강남구,삼성2동,127.05374846991917,37.51155556604917
3120214,영동대교남단교차로,204844,447175,강남구,청담동,127.05479819195304,37.52405199944059
3120215,포스코사거리,204975,445263,강남구,삼성2동,127.05626720528876,37.50682411890163
3120216,경기고교사거리(경기고교앞사거리),205005,446809,강남구,청담동,127.05661702641068,37.52075347208421
3120217,대치사거리,205165,444843,강남구,대치4동,127.05841315411669,37.503038855171134
3120218,코엑스,205226,445856,강남구,삼성1동,127.05911022474436,37.51216568743434
3120219,은마아파트,205359,444378,강남구,대치4동,127.06060379417535,37.49884807441995
3120220,대치역,205508,443861,강남구,대치1동,127.06228493383824,37.494188996315316
3120221,봉은사역,205516,446111,강남구,삼성1동,127.06239226670147,37.51446155948791
3120222,삼성역,205584,445468,강남구,대치2동,127.06315654228577,37.508667696206736
3120223,휘문고교사거리,205806,444988,강남구,대치2동,127.06566363237532,37.50434150525624
3120224,수서역,209112,443153,강남구,수서동,127.10303046246761,37.487781357677065
3120225,잠실새내역(신천),207301,445671,송파구,잠실본동,127.0825782728224,37.51048475437836
3120226,석촌고분역,208581,444877,송파구,석촌동,127.09704648858848,37.5033197760243
3120227,잠실역,208953,446061,송파구,잠실6동,127.10126801274058,37.51398412500385
3120228,석촌역(석촌호수),209420,445178,송파구,송파1동,127.1065389661683,37.50602362134798
3120034,중구청(퇴계로4가),199832,451557,중구,광희동,126.99809848175721,37.56354649140835
3120035,퇴계로5가,200172,451544,중구,광희동,127.00194678943873,37.563429361136585
3120097,충정로역,196738,451218,서대문구,충현동,126.9630803648694,37.56048635571711
3120098,DMC(디지털미디어시티),190266,453378,마포구,상암동,126.8898010489625,37.57990219166072
3120099,월드컵경기장역(월드컵경기장),190957,452186,마포구,성산2동,126.89763857339757,37.569169395334846
3120148,국회의사당역(국회의사당),192994,447676,영등포구,여의동,126.92073922815948,37.528552135513465
3120232,송파나루역,209906,445634,송파구,송파1동,127.11204169365998,37.51012711047405
3120233,몽촌토성역,210030,446282,송파구,방이2동,127.11345302908573,37.51596426713219
3120234,가락시장역,210499,443922,송파구,가락본동,127.11872437303792,37.494695372813744
3120235,문정역,210608,442903,송파구,문정2동,127.11994227871679,37.48551288001509
3120236,장지역(가든파이브),210906,442074,송파구,문정2동,127.12329941653981,37.47804006486017
3120237,경찰병원역,210683,444197,송파구,가락본동,127.12080906154488,37.49717102650773
3120238,방이역,211087,445537,송파구,방이1동,127.1253978901468,37.509239712678266
3120239,오금역,211154,444709,송파구,가락본동,127.12614312912417,37.50177860016498
3120240,개롱역,211903,444074,송파구,가락2동,127.13460345002983,37.49604787721762
3120241,거여역,212871,443719,송파구,거여2동,127.1455437075945,37.49283633341059
3120242,강동구청역,210844,447756,강동구,성내1동,127.12268220880003,37.52923581309821
3120246,길동역,212223,448561,강동구,길동,127.13829670196402,37.536471614031555
3120247,굽은다리역,212606,449599,강동구,천호1동,127.14264794652553,37.54581880892867
3120248,명일역,212758,450202,강동구,명일1동,127.1443784336575,37.55124972345866
3120249,고덕역,213696,450444,강동구,명일2동,127.15499797751727,37.553416674247536
3120187,신논현역,202235,445062,강남구,논현1동,127.02527722374786,37.50502379497898
3120188,압구정역,202482,447331,강남구,신사동,127.02807838256531,37.52546693782541
3120189,강남역,202454,444235,서초구,서초2동,127.02775129423334,37.497571920870165
3120243,천호역,210998,448898,강동구,천호2동,127.12444156010653,37.53952339599033
3120244,암사역,211298,450214,강동구,암사2동,127.12785627932669,37.55137688969368
3120245,둔촌역,211926,447436,강동구,성내3동,127.13491805500612,37.526339264817906
3120229,방이동먹자골목,209657,446106,송파구,방이2동,127.10923158441152,37.51438248056646
3120230,송파사거리(송파역),209754,444634,송파구,석촌동,127.11030924458171,37.50111869275051
3120231,가락시장,209881,443794,송파구,가락1동,127.11173422450942,37.49354890241443
3120199,경복아파트교차로,203449,445392,강남구,역삼1동,127.03900876827589,37.50799337531318
3120200,학동사거리,203460,447067,강남구,청담동,127.03914106133051,37.523085143438166
3120201,도곡1동,203531,443680,강남구,역삼1동,127.03992798739,37.49256784501679
3120202,압구정로데오역(압구정로데오),203548,447476,강남구,압구정동,127.04013853060529,37.526769907891094
3120203,강남구청역,203597,446308,강남구,논현2동,127.04068715258765,37.51624600772093
3120204,르네상스호텔사거리,203786,444848,강남구,역삼1동,127.04281749442562,37.50309058777553
3120205,매봉역,203882,442769,강남구,도곡2동,127.04389223582503,37.48435825746537
3120206,개나리아파트,203905,444200,강남구,역삼2동,127.04415987749276,37.49725157451181
3120207,선정릉역,204022,445778,강남구,삼성2동,127.04549160322158,37.511468934172726
3120190,강남을지병원,202498,446725,강남구,압구정동,127.02825732811267,37.520006819268275
3120191,학동역,202659,446009,강남구,논현1동,127.03007596762794,37.51355518491261
3120192,뱅뱅사거리,202785,443423,강남구,역삼1동,127.03149136697971,37.4902548060724
3120193,도산공원교차로,202968,446898,강남구,압구정동,127.03357465676805,37.521564162466845
3120194,언주역(차병원),203009,445326,강남구,논현2동,127.03403202540474,37.507400250733085
3120195,성수대교남단,203046,447576,강남구,압구정동,127.03445981915029,37.527672703247156
3120196,서울세관,203125,446206,강남구,논현2동,127.03534773317885,37.515328702568155
3120197,역삼역,203179,444549,강남구,역삼1동,127.03595138126002,37.500398869563554
3120198,구역삼세무서,203290,444009,강남구,역삼1동,127.03720426859347,37.49553304713569
3130293,봉천중앙시장,195973,442762,관악구,중앙동,126.95446834536885,37.484294566462
3130294,관악중부시장,196125,442778,관악구,행운동,126.95618686302697,37.48443937758363
3130295,인헌시장(원당종합시장),196979,441661,관악구,인헌동,126.96584729199395,37.47437829187288
3130296,남부종합시장,198664,443924,서초구,방배본동,126.98489227985215,37.49477208354063
3130301,양재시장,203426,442741,서초구,양재1동,127.03873629540766,37.4841077780028
3130302,강남시장(강남구 강남시장),201828,446589,강남구,신사동,127.02067796334785,37.51878302511837
3130303,영동전통시장,202138,445525,강남구,논현1동,127.02418152660437,37.50919567758982
3130304,신사상가,202510,448092,강남구,압구정동,127.02839774032894,37.53232348423996
3130305,논현종합시장,203038,445603,강남구,논현2동,127.03436116161208,37.50989593863793
3130306,강남언주로,203794,445045,강남구,역삼1동,127.04290898565141,37.504865535317485
3130307,도곡시장,204573,444284,강남구,역삼2동,127.05171450644163,37.49800535436077
3130308,청담삼익시장,205090,446987,강남구,청담동,127.05757978634368,37.522356791479325
3130314,풍납시장,210613,448663,송파구,풍납1동,127.12008192689979,37.53741056029039
3130315,문정동 로데오거리 상점가(문정동 로데오거리),210897,443396,송파구,가락본동,127.12321722571214,37.48995147671527
3130316,마천시장,213305,444320,송파구,마천2동,127.15046217507246,37.49824521772415
3130317,마천중앙시장,213364,444298,송파구,마천2동,127.1511289864303,37.49804614532687
3130318,로데오거리상점가,211228,448860,강동구,천호2동,127.12704340647122,37.539178245707355
3130319,성내전통시장,211269,448247,강동구,성내2동,127.12749791159769,37.53365462601447
3130320,암사종합시장,211408,450161,강동구,암사1동,127.12910029175102,37.55089800730779
3130321,장신구 특화거리 상점가,211418,447594,강동구,성내1동,127.12917355272526,37.527769269644594
3130322,고분다리전통시장,211771,449208,강동구,천호3동,127.13319294571787,37.542306947230635
3130323,둔촌역전통시장,211868,447599,강동구,성내3동,127.13426453864876,37.527808641751314
3130215,대원종합시장,185545,449460,강서구,화곡3동,126.83643180620233,37.544539295785974
3130309,은마종합상점가,205628,444032,강남구,대치2동,127.06364321072647,37.49572899394518
3130310,강남개포시장,205978,443274,강남구,개포2동,127.06759496436574,37.48889716485464
3130311,새마을시장,207534,445500,송파구,잠실본동,127.08521187520329,37.50894216638436
3130312,석촌시장,209466,444551,송파구,석촌동,127.10705115305089,37.50037385552647
3130313,방이시장,210214,445738,송파구,방이2동,127.11552676175948,37.51106079756516
3130324,길동복조리시장,212690,448844,강동구,길동,127.14358543114432,37.53901513097588
3130325,명일전통시장,212839,449976,강동구,명일1동,127.14529113086861,37.54921234914935
3130326,고덕 골목형상점가,215010,450928,강동구,고덕2동,127.1698783903421,37.557757026392
3130327,"평화시장(남평화시장, 제일평화시장, 신평화패션타운)",200994,452152,중구,신당동,127.0112514558032,37.56890689674102
3130289,봉일시장,194553,442944,관악구,은천동,126.93841164295765,37.48592712264513
3130290,영림시장,194966,442472,관악구,청룡동,126.94308459174644,37.48167670609929
3130291,봉천제일종합시장,195085,442420,관악구,청룡동,126.94443037587531,37.48120882210982
3130292,봉천현대시장,195277,443011,관악구,은천동,126.94659736185348,37.48653478158153
3130131,동북프라자,201694,457845,강북구,삼양동,127.01918818191713,37.620199328102196
3130132,삼양골목시장(삼양시장),201680,458392,강북구,삼양동,127.01903085822748,37.625127754363305
3130133,우이골목시장(우이시장),201751,460755,강북구,수유2동,127.0198407987359,37.64641790449734
3130134,"솔샘시장(미아6,7동골목시장)",201740,457759,강북구,삼각산동,127.0197090259674,37.619424392767016
3130223,고척근린시장,186721,444751,구로구,고척2동,126.84982407297842,37.50212891474886
3130224,개봉프라자(고척근린시장),186837,444739,구로구,고척2동,126.85113616002786,37.50202245488335
3130225,개봉중앙시장,187149,443562,구로구,개봉2동,126.85468518986029,37.49142203486424
3130226,고척프라자,187873,444929,구로구,고척1동,126.86284939392691,37.50374854430546
3130227,고척골목시장상점가(그라운드 고척),187952,444881,구로구,고척1동,126.86374363001968,37.503317096793424
3130228,구로시장,189872,443283,구로구,구로4동,126.8854797371537,37.4889420888459
3130053,백학시장,201732,451624,중구,신당5동,127.01960390526173,37.564148546707614
3130054,황학동주방가구거리상점가,201822,452134,중구,황학동,127.02062385070205,37.56874345227643
3130055,"황학시장(서울중앙시장, 신중앙시장)",201889,451973,중구,황학동,127.02138183226494,37.567292714343196
3130056,용산용문시장,196483,448549,용산구,용문동,126.96020703642986,37.53643776809258
3130057,만리시장,196790,450199,용산구,청파동,126.96367336291168,37.55130537483099
3130135,수유중앙골목시장(수유중앙시장),201872,460117,강북구,수유3동,127.02121023022544,37.64066938738548
3130136,수유재래시장,201913,459134,강북구,수유1동,127.02167219794877,37.631812618285814
3130137,"수유전통시장(수유시장, 수유골목시장)",201998,459062,강북구,수유1동,127.02263495817301,37.631163727607486
3130138,수유프라자,202081,459124,강북구,수유1동,127.02357542562035,37.63172215476082
3130139,강북종합전통시장(강북종합골목시장),202329,460268,강북구,수유3동,127.02638863579223,37.64202882933862
3130229,남구로시장,189966,443409,구로구,구로4동,126.88654090369849,37.4900783818487
3130230,가리봉시장,190201,442473,구로구,가리봉동,126.88921060762578,37.48164748209712
3130231,독산동 우시장,190847,440814,금천구,독산1동,126.89653500499368,37.46670637228808
3130280,신림종합시장,192702,442782,관악구,신사동,126.91748430496827,37.48445472701863
3130232,독산동 맛나는거리상점가(독산동 맛나는거리),191176,441096,금천구,독산4동,126.90025062119813,37.46925041721309
3130058,이촌종합시장,197769,446792,용산구,이촌1동,126.97476276716449,37.52061117520384
3130059,후암시장,197903,450066,용산구,후암동,126.97626923912605,37.55011025033981
3130060,신흥시장,198682,449528,용산구,용산2가동,126.9850857805084,37.54526431941475
3130061,이태원시장,199066,448264,용산구,이태원1동,126.98943265355702,37.533876147539985
3130062,보광시장,200001,447575,용산구,보광동,127.00001131313785,37.52766872054555
3130063,신금호역 골목형상점가,201778,450475,성동구,금호2?3가동,127.02012177910736,37.55379600299772
3130064,금남시장,201970,449892,성동구,금호2?3가동,127.02229309489861,37.54854279302089
3130065,무학봉상점가,202706,451363,성동구,왕십리2동,127.0306273084275,37.56179460093203
3130216,화곡중앙시장,185783,448352,강서구,화곡1동,126.83914637585305,37.534559954145735
3130217,화곡본동시장,186203,449328,강서구,화곡본동,126.84387997962435,37.543360059919365
3130218,신월중앙시장,186245,451048,강서구,등촌3동,126.84432299958704,37.55885780085851
3130219,까치산시장,186491,448139,강서구,화곡8동,126.84716070133189,37.532651467965756
3130220,등마루시장,187585,450820,강서구,등촌1동,126.85949272936686,37.55682255589751
3130221,"남부골목시장(남부화곡시장, 남부시장)",187694,448184,강서구,화곡4동,126.86077051500729,37.53307374754431
3130222,오류시장,186135,444133,구로구,오류1동,126.84320850019292,37.4965521062622
3130049,신당 미래유산 먹거리 골목형상점가,201309,451478,중구,신당동,127.01481585512614,37.56283378990038
3130050,청평화시장,201330,452194,중구,신당동,127.01505484086675,37.56928489112657
3130051,동화동 골목형상점가,201543,451430,중구,동화동,127.01746427209717,37.56240094950935
3130052,서울중앙시장(신중앙시장),201683,451934,중구,황학동,127.01905000259286,37.566941725252974
3130234,푸른터시장(기능상실),191277,442035,금천구,독산3동,126.90138124105947,37.47771184851392
3130235,대명여울빛거리시장(대명시장),191342,439355,금천구,시흥1동,126.90214758052595,37.45356538993804
3130236,비단길현대시장(현대시장),191404,439747,금천구,시흥1동,126.9028437327672,37.45709793372706
3130237,박미시장(기능상실),191603,437869,금천구,시흥3동,126.9051143009567,37.440178742175625
3130238,은행나무시장,192025,439150,금천구,시흥5동,126.90986903036932,37.451724454031016
3130239,양남시장,190381,447047,영등포구,양평1동,126.89118592695121,37.52286130279134
3130066,행당시장상점가,202943,451296,성동구,행당1동,127.0333094753789,37.56119020691093
3130067,왕십리도선동상점가,203030,451634,성동구,왕십리도선동,127.03429555496496,37.564235292738104
3130144,백운시장,201378,461769,도봉구,쌍문1동,127.01561620244361,37.655554507106885
3130145,쌍문역둘리상점가,202849,460721,도봉구,쌍문3동,127.03228223922851,37.646108821626946
3130146,쌍문시장(쌍문역골목시장),202853,460960,도봉구,쌍문3동,127.0323284968481,37.6482621596876
3130147,쌍문역동측상점가,203089,460798,도봉구,창1동,127.0350020228868,37.64680180347365
3130240,영등포유통상가,190643,447018,영등포구,당산1동,126.89415014284982,37.522602705909264
3130241,선유도역 골목형상점가,190776,448469,영등포구,양평2동,126.89563647290072,37.53567755719719
3130242,대림중앙 골목형상점가,191020,443257,영등포구,대림2동,126.89846080667903,37.488719696595915
3130070,뚝섬역상점가,204339,449882,성동구,성수1가2동,127.04910132457829,37.548444588661376
3130148,방학동도깨비시장,203111,462837,도봉구,방학2동,127.03525999517794,37.665172753982645
3130149,창동신창시장,203283,460012,도봉구,창2동,127.03719674055571,37.6397193964298
3130245,영일시장,191222,446445,영등포구,문래동,126.90070683793401,37.51744565457258
3130246,영등포청과시장(조광시장),191260,446913,영등포구,당산1동,126.90113111439317,37.521662703518885
3130243,도림시장,191026,445598,영등포구,도림동,126.89850010439058,37.50981227774155
3130244,대림중앙시장,191108,443509,영등포구,대림2동,126.89945280078445,37.490991083426614
3130068,마장축산물시장,203467,452337,성동구,마장동,127.0392451335414,37.570567751412995
3130069,"한양대앞상점가(한양시장, 왕십리맛골목)",203578,451118,성동구,사근동,127.04049566562402,37.55958418644961
3130140,숭인시장,202587,457096,강북구,송천동,127.02930067226455,37.613448848638036
3130141,강북북부골목시장,202637,459570,강북구,번1동,127.0298758979746,37.635739123584685
3130142,강북북부시장,202680,459624,강북구,번1동,127.03036326449622,37.63622553122472
3130143,방천골목시장,202925,457018,강북구,송중동,127.03312858849051,37.612745064870296
3130233,남문시장,191247,441612,금천구,독산3동,126.90104709862253,37.47390029908397
3130151,신도봉시장,203672,463403,도봉구,도봉1동,127.04162120121192,37.670270229972296
3130152,오!도봉거리 상점가,204052,463707,도봉구,도봉2동,127.04593009301792,37.673007609322525
3130153,창동역상점가,204350,461477,도봉구,창4동,127.04929468332354,37.65291437249457
3130154,상계주공1단지(가)상가,205249,460811,노원구,상계6?7동,127.05947746098052,37.6469091307803
3130274,사당1동먹자골목상점가(사당1동먹자골목),198283,442093,동작구,사당1동,126.98058813497984,37.47827399506724
3130275,강남골목시장,191590,442605,관악구,조원동,126.9049133821319,37.482850494037365
3130276,신림중앙시장(조원동 펭귄시장),192184,442657,관악구,조원동,126.91162880976654,37.48332423205892
3130277,조원동 펭귄시장(신림중앙시장),192141,442580,관악구,조원동,126.91114345468043,37.482630091537494
3130278,미성동 도깨비시장 골목형상점가,192599,441665,관악구,미성동,126.91633094652599,37.47438964512814
3130279,관악신사시장,192640,442964,관악구,신사동,126.91678147647731,37.48609406886688
3130077,조양시장,205965,448824,광진구,자양4동,127.06749298622407,37.53890293610801
3130078,화양제일골목시장,206085,449309,광진구,화양동,127.0688547838515,37.54327199835248
3130079,한아름시장,206170,449309,광진구,화양동,127.0698166002319,37.543271433608204
3130080,자양종합시장(기능상실),206753,448042,광진구,자양2동,127.07640188035896,37.531851684331734
3130081,자양골목전통시장(자양골목시장),207041,448310,광진구,자양1동,127.0796628112492,37.534264211958636
3130082,면곡골목시장,207179,452397,광진구,중곡3동,127.08126413340774,37.5710869023865
3130083,"중곡제일시장(중곡제일골목시장, 광성시장)",207176,451590,광진구,중곡1동,127.08122227894687,37.56381589690654
3130155,시영B상가(중계 그린아파트 B 상가),205667,460390,노원구,중계2?3동,127.06421063406837,37.64311350780402
3130156,시영2단지 무지개종합상가(중계 무지개2단지아파트상가),205794,460391,노원구,중계2?3동,127.06564963011657,37.64312172568331
3130157,상계중앙시장,206204,462218,노원구,상계5동,127.07031070024249,37.65957999556309
3130158,상계역전종합상가,206452,462381,노원구,상계5동,127.07312275332669,37.66104688560765
3130159,공릉동 도깨비시장,206706,458084,노원구,공릉1동,127.07596198989835,37.62232979846501
3130160,수일시장,190733,453738,은평구,수색동,126.89508341223478,37.58315058044456
3130161,증산종합시장,191631,453575,은평구,증산동,126.90525199100244,37.58169056142214
3130162,증산골목시장,192205,454342,은평구,증산동,126.91174225478473,37.58860620736623
3130255,영등포전통시장,191885,446846,영등포구,영등포동,126.90820198877576,37.52106473916393
3130256,신동시장,191932,445186,영등포구,신길3동,126.90875186977345,37.50610850301707
3130257,영등포시장기계공구상가,192049,446670,영등포구,영등포동,126.91005908096288,37.51948040312949
3130258,영진시장A동,192568,444551,영등포구,신길6동,126.91595136136631,37.50039246083892
3130259,대신시장,192707,445752,영등포구,신길1동,126.91751140828904,37.51121463046072
3130260,신대방1동골목상권,191941,443427,동작구,신대방1동,126.90887291955043,37.4902598990672
3130261,성대전통시장(성대시장),193904,444409,동작구,상도3동,126.93106137758035,37.499122816445855
3130084,신성시장(신성골목시장),207823,450945,광진구,중곡4동,127.08853852877327,37.55799920934066
3130085,용두시장,202630,453217,동대문구,용신동,127.0297737668214,37.5784992733269
3130086,서울약령시장,203314,453617,동대문구,제기동,127.0375190174434,37.58210104091711
3130087,경동광성상가(경동시장),203445,453527,동대문구,제기동,127.03900169348186,37.58128966613406
3130088,경동시장,203454,453277,동대문구,제기동,127.03910240665606,37.57903714829214
3130089,청량리수산시장,203592,453168,동대문구,용신동,127.04066415712857,37.57805453712299
3130090,청량리종합시장,203585,453348,동대문구,제기동,127.04058579213896,37.579676353298325
3130163,응암오거리상점가,192561,454386,은평구,응암3동,126.9157725618011,37.589005588687364
3130164,역촌중앙시장,192605,457088,은평구,갈현2동,126.91624345994398,37.6133506843549
3130247,우리시장,191589,444148,영등포구,대림1동,126.90488444933717,37.49675301431536
3130248,영등포역지하도상점가,191565,446096,영등포구,영등포본동,126.90459071258275,37.51430435395737
3130249,동남상가,191659,446794,영등포구,영등포동,126.90564603838433,37.52059420359231
3130250,삼구시장(로타리상가),191658,446738,영등포구,영등포동,126.90563536175543,37.520089633552665
3130253,영신상가(제일상가),191746,446714,영등포구,영등포동,126.90663108529256,37.519874184226964
3130254,남서울상가,191773,446763,영등포구,영등포동,126.90693595950705,37.5203159161861
3130071,성수역 골목형상점가,204684,449660,성동구,성수2가3동,127.05300402225483,37.54644268403656
3130072,성동용답상가시장,204691,451606,성동구,용답동,127.05309567240342,37.56397605579394
3130073,뚝도시장,204817,448747,성동구,성수2가1동,127.05450305757522,37.53821587578757
3130074,영동교골목시장,205643,448742,광진구,자양4동,127.06384898175953,37.53816614249563
3130075,노룬산시장(노룬산골목시장),205724,448577,광진구,자양4동,127.06476418803784,37.53667899370263
3130076,능동로골목시장,205916,448409,광진구,자양4동,127.06693521742869,37.535164102322085
3130150,창동골목시장,203458,459884,도봉구,창3동,127.03917890321948,37.638565494331445
3130269,강남시장(동작구 강남시장),195879,444165,동작구,상도1동,126.95339767295978,37.49693528398814
3130270,흑석시장,196718,445267,동작구,흑석동,126.96288058702295,37.506867727960454
3130271,남성역골목시장,197564,442670,동작구,사당4동,126.97245743842454,37.483471201595435
3130272,사당시장,197803,442619,동작구,사당4동,126.97515983670225,37.48301228623616
3130273,남성사계시장(남성시장),198271,443197,동작구,사당2동,126.98044987510083,37.48822110802707
3130091,청량종합도매시장,203592,453624,동대문구,제기동,127.04066639168124,37.58216306814205
3130092,청량리농수산물시장,203589,453469,동대문구,제기동,127.04063166858508,37.580766540009925
3130093,동서시장,203663,453370,동대문구,제기동,127.04146894002109,37.57987426500722
3130094,청량리청과물시장,203780,453376,동대문구,제기동,127.0427935313661,37.57992785188444
3130095,청량리전통시장,203840,453595,동대문구,제기동,127.04347394090428,37.58190077942744
3130096,동부시장,204647,451974,동대문구,답십리1동,127.05259998437822,37.56729194291261
3130097,답십리 건축자재시장,204773,452043,동대문구,답십리1동,127.05402664285535,37.567912985683684
3130169,대조시장,193520,456658,은평구,대조동,126.92661064407342,37.609483334764015
3130170,제일시장,193757,456715,은평구,대조동,126.92929430372801,37.609998536956034
3130171,불광먹자골목 골목형상점가,193917,456762,은평구,불광1동,126.9311060072656,37.61042307337391
3130172,모래내시장(서중시장),192506,452283,서대문구,남가좌1동,126.91517132922482,37.570057260519455
3130173,백련시장,193207,453049,서대문구,남가좌2동,126.92309922703497,37.57696431003544
3130174,연희사러가,193787,451957,서대문구,연희동,126.92967441702471,37.567129545564846
3130175,신촌 상인회(신촌상점가),194450,450775,서대문구,신촌동,126.93718791894099,37.556484003099065
3130281,우림시장,192959,441201,관악구,난곡동,126.92040521255308,37.470211772840585
3130282,난곡 골목형상점가,192987,441112,관악구,난곡동,126.92072258435972,37.46941008683408
3130283,신원시장,193546,442582,관악구,신원동,126.9270288352229,37.48265899049768
3130284,관악종합시장(신원시장),193636,442462,관악구,신원동,126.92804744253655,37.48157840479633
3130100,답십리시장,205141,452676,동대문구,답십리2동,127.05819655188141,37.573614303291755
3130101,답십리현대시장,205160,451944,동대문구,답십리2동,127.05840648298727,37.567018914391745
3130102,이문제일시장,205511,456109,동대문구,이문2동,127.062410802544,37.604543218336794
3130176,유진상가,194956,454672,서대문구,홍은1동,126.94288775918265,37.59159866059048
3130177,인왕시장(홍제골목형상점가),194989,454592,서대문구,홍제3동,126.943261958856,37.59087804741556
3130178,이대 앞 스타트업 상점가,195118,451097,서대문구,신촌동,126.94474585797651,37.55938899274475
3130179,"이화여대 3,5,7길 상점가",195141,450967,서대문구,신촌동,126.94500703113266,37.55821781854949
3130180,포방터시장,195483,455484,서대문구,홍은1동,126.9488498689092,37.598917445528144
3130262,상도도깨비 골목형상점가,194442,444884,동작구,상도2동,126.93714193649934,37.50340598585952
3130263,신노량진시장(기능상실),194649,445465,동작구,노량진2동,126.93947877084665,37.50864204568287
3130285,서원동상점가,193691,442612,관악구,서원동,126.92866799741944,37.482930294055336
3130286,신신림시장(삼성동시장),194000,441260,관악구,삼성동,126.93217267938819,37.47075070951806
3130287,삼성동 시장(삼성동시장),194010,441203,관악구,삼성동,126.93228618812465,37.470237198649365
3130288,신림현대종합상가,194165,441693,관악구,서림동,126.93403450098945,37.47465313746561
3130098,회기시장,204907,454615,동대문구,회기동,127.05556063508617,37.59108583569478
3130099,전농로터리시장,205012,453131,동대문구,전농1동,127.05673937211033,37.57771453733629
3130165,"대림골목시장(대림시장, 양지시장)",192702,454159,은평구,응암3동,126.91737128158225,37.58696146585945
3130166,응암시장(신응암시장),192811,454967,은평구,응암2동,126.91859746125807,37.59424233344807
3130167,연신내상점가(연빛거리),192841,457827,은평구,갈현1동,126.91890918747656,37.620010847855006
3130168,연서시장,193102,457788,은평구,불광2동,126.92186592951714,37.61966145751094
3130267,본동인정시장(기능상실),195675,445816,동작구,노량진1동,126.95108103475165,37.511809946089414
3130268,상도전통시장,195763,444418,동작구,상도1동,126.95208443092477,37.49921430467612
3130182,영천시장,196546,452358,서대문구,천연동,126.96090192262115,37.5707570092122
3130183,상암동상점가,190781,453048,마포구,상암동,126.89563552270715,37.576934214752995
3130004,낙원시장(낙원지하시장(대일상가)),198930,452581,종로구,종로1?2?3?4가동,126.98788764600079,37.572772081328125
3130005,세운상가가동,199597,452205,종로구,종로1?2?3?4가동,126.99543826391316,37.569384872406744
3130007,광장시장(광장전통시장),199984,452276,종로구,종로1?2?3?4가동,126.99981888734061,37.57002466717994
3130009,마전교지하쇼핑센터(구 한일상가),200267,452276,종로구,종로5?6가동,127.0030223175016,37.570024628632375
3130010,종로신진시장,200454,452308,종로구,종로5?6가동,127.00513909151051,37.570312873990254
3130011,충신시장,200496,452735,종로구,종로5?6가동,127.005614802893,37.57416010129622
3130012,"동대문종합시장(동대문종합시장 신관, 동대문종합시장D동상가)",200717,452318,종로구,종로5?6가동,127.008116152074,37.57040280639596
3130013,동대문상가A동,200943,452267,종로구,창신1동,127.01067431570527,37.56994309516255
3130014,동문시장,200970,452324,종로구,창신1동,127.01098001837083,37.570456634494995
3130109,묵1동도깨비시장,207110,457444,중랑구,묵1동,127.08053206241114,37.6165604472275
3130110,면목골목시장(면목시장),207544,453238,중랑구,면목7동,127.08540447332199,37.578661342781714
3130111,"동원전통종합시장(동원시장, 동원전통시장 상점가)",208009,454485,중랑구,면목본동,127.09068228925835,37.58989278841775
3130184,마포농수산물시장,190895,451575,마포구,성산2동,126.89694435531658,37.56366370832327
3130185,망원월드컵시장,191644,450958,마포구,망원2동,126.90542898536704,37.55811166117051
3130186,망원시장,191763,450761,마포구,망원1동,126.90677800571248,37.55633776978263
3130187,영진시장,192299,450437,마포구,서교동,126.9128475622764,37.55342317415335
3130188,합정시장,192324,449864,마포구,합정동,126.91313647940214,37.548260668049736
3130189,서교시장,193066,450432,마포구,서교동,126.92152776262496,37.55338421217572
3130015,창신골목시장,200998,452635,종로구,창신2동,127.01129739060529,37.57325869940521
3130016,동대문상가B동,201060,452267,종로구,창신1동,127.01199870055557,37.569942967987394
3130017,동대문상가C동,201180,452268,종로구,창신1동,127.01335704559155,37.56995183207184
3130018,동대문문구완구거리(동대문문구완구시장),201224,452431,종로구,창신1동,127.0138553769603,37.57142039698896
3130019,동대문상가D동,201322,452269,종로구,창신1동,127.01496442062971,37.569960649223894
3130020,동묘시장(동묘벼룩시장),201471,452424,종로구,숭인2동,127.01665134166707,37.571356966071896
3130112,사가정시장,208001,453529,중랑구,면목3?8동,127.09058127117551,37.581279375362584
3130113,신아타운,208347,456318,중랑구,신내2동,127.09453019739227,37.60640493075793
3130114,유영시장,208554,454672,중랑구,망우3동,127.09685525362742,37.5915727394116
3130115,우림골목시장,208640,455380,중랑구,망우본동,127.0978373645944,37.597950947766826
3130116,동성타워프라자,208594,456497,중랑구,신내1동,127.09732958269647,37.608015426299296
3130117,정릉시장,200788,456537,성북구,정릉3동,127.00892438114056,37.60841561935929
3130190,홍대소상공인상점가,193084,450375,마포구,서교동,126.92173200594554,37.55287077900313
3130264,상도약수골목형상점가,195047,444141,동작구,상도4동,126.9439891665278,37.49671495630897
3130265,노량진중앙시장,195104,445890,동작구,노량진1동,126.94462211025515,37.51247383763459
3130266,만양로상점가,195116,445792,동작구,노량진1동,126.94475849109276,37.51159091740232
3130001,통인시장,197351,453449,종로구,청운효자동,126.97001029915941,37.580589524576354
3130002,세종마을음식문화거리(금천교시장),197423,453030,종로구,사직동,126.9708268941168,37.5768145641106
3130103,이경시장,205838,455017,동대문구,휘경1동,127.06610529431995,37.59470238801467
3130104,전곡시장,206069,453113,동대문구,장안2동,127.06870520080007,37.57754600063627
3130105,장미제일시장(중화동제일시장),206703,456124,중랑구,중화2동,127.07591005475709,37.60467045615055
3130106,중랑동부시장,206787,454757,중랑구,면목2동,127.07684866751778,37.592353303829555
3130107,중랑동부시장(중랑교종합상가),206823,454827,중랑구,상봉2동,127.07725694432641,37.59298373151954
3130108,태능엔터피아(태릉시장),206854,455524,중랑구,중화2동,127.07761447999405,37.59926340567427
3130181,아현가구거리상점가,196352,450951,서대문구,북아현동,126.95871290751046,37.55807924724714
3130025,삼익패션타운(남대문시장),198170,451158,중구,회현동,126.97928802926204,37.559949713268395
3130031,청계천공구상가,199234,452011,중구,을지로동,126.99132950824925,37.56763671059657
3130118,정릉골 골목형상점가,200875,456986,성북구,정릉4동,127.00991022394564,37.61246098232057
3130119,정릉아리랑시장,201059,455924,성북구,정릉2동,127.01199266603757,37.602892279007925
3130194,용강동 상점가,194876,449054,마포구,용강동,126.94202117995056,37.540980290301704
3130195,도화동 상점가,195525,448962,마포구,도화동,126.94936526895961,37.54015474788199
3130196,공덕시장,195839,449451,마포구,공덕동,126.95291541458452,37.54456210465348
3130197,마포시장,195890,449503,마포구,공덕동,126.95349222353501,37.54503085282252
3130198,아현시장,195969,450765,마포구,아현동,126.9543792384095,37.55640179732696
3130199,신월3동 골목시장,184634,448266,양천구,신월3동,126.82614824040027,37.53376667458731
3130200,"신월7동 골목시장(약수시장, 우성상가)",185253,447069,양천구,신월7동,126.833175632474,37.52299183125265
3130032,인현시장,199564,451524,중구,광희동,126.9950651270371,37.56324907476504
3130033,대림상가(청계상가),199596,452001,중구,을지로동,126.99542705683898,37.567546840841366
3130034,필동 골목형상점가,199682,451157,중구,필동,126.9964008709876,37.55994246513612
3130123,꿈의숲 장곡 골목형상점가,204112,457600,성북구,장위1동,127.04657583318793,37.61798427622631
3130201,월정로시장,185340,448178,양천구,신월1동,126.83413768731026,37.53298528577645
3130202,신영시장,185484,448177,양천구,신월1동,126.83576690779837,37.532978552718
3130203,서서울 골목형상점가,185608,447927,양천구,신월1동,126.83717472744708,37.530728001368765
3130204,경창시장,186037,447238,양천구,신월2동,126.84204133356633,37.524526713829125
3130205,신곡종합시장(신월6동 골목시장),186079,446521,양천구,신월6동,126.84253004100526,37.51806718222335
3130206,신정3동 골목시장,187022,446574,양천구,신정3동,126.85319599069369,37.51855845201219
3130207,신정1동 골목시장(신정제일시장),187121,446835,양천구,신정1동,126.85431127941561,37.5209114490885
3130208,목동깨비시장(목3동시장),188063,449908,양천구,목3동,126.86491733158284,37.548611790299745
3130036,중부시장(신중부시장),200023,451787,중구,광희동,127.00026033411363,37.56561879780388
3130038,"평화시장(통일상가, 동화상가)",200712,452140,중구,광희동,127.00805938127434,37.56879903833505
3130042,약수시장,200969,450370,중구,약수동,127.01096611803986,37.55285116043482
3130046,team204(팀204),201168,452028,중구,신당동,127.01322082902271,37.567789457999865
3130035,방산종합시장(방산시장),200015,452052,중구,을지로동,127.00016978853688,37.56800643712113
3130120,돈암시장(돈암제일시장),201401,454697,성북구,삼선동,127.01586330439116,37.59183665992462
3130121,길음시장,201933,455901,성북구,길음1동,127.02189023475428,37.602683630466736
3130122,밤나무골시장,203140,456580,성북구,월곡1동,127.03556180179773,37.60879802431153
3130191,홍대 걷고싶은 거리,193388,450714,마포구,서교동,126.92516930057623,37.55592738931953
3130192,동진시장,193538,451420,마포구,연남동,126.92686069302329,37.56228948723856
3130193,신수시장,194286,449527,마포구,신수동,126.93534156571505,37.54523854892149
3130021,신설종합시장,201854,452569,종로구,숭인2동,127.02098716952338,37.57266271778433
3130022,숭례문수입상가(남대문시장),197893,451101,중구,회현동,126.9761531025199,37.55943555342979
3130024,남대문시장(자유상가),198022,451117,중구,회현동,126.97761307341452,37.55957999880267
3130212,공항시장,183093,451520,강서구,방화2동,126.80863843129447,37.563058055832414
3130213,방신전통시장,183423,452471,강서구,방화1동,126.81235201849918,37.571632474906465
3130214,송화벽화시장(송화골목시장),185468,449994,강서구,발산1동,126.8355499326782,37.549349400157496
3130047,테크노상가(엘리시움),201143,452157,중구,신당동,127.01293804999196,37.56895177373238
3130048,동평화시장,201165,452217,중구,신당동,127.0131871716288,37.56949234348714
3130124,번동시장,204237,457971,성북구,장위3동,127.04799383237463,37.62132637254061
3130125,장위전통시장,204520,456886,성북구,장위2동,127.0511927587875,37.61154930592484
3130126,새석관시장,204666,456526,성북구,석관동,127.05284403459633,37.60830501690517
3130127,석관시장,205334,456601,성북구,석관동,127.06040990437167,37.60897712863277
3130128,돌곶이시장(석관황금시장),205475,456688,성북구,석관동,127.0620074415214,37.60976016072055
3130129,장미원골목시장,201264,460597,강북구,우이동,127.0143222680271,37.644995149082234
3130130,수유북부골목시장,201421,459635,강북구,인수동,127.01609935005759,37.636327448161275
3130209,목사랑시장(목4동시장),188196,448723,양천구,목4동,126.86644144350878,37.53793668742033
3130210,목2동시장,188802,449649,양천구,목2동,126.87328400792225,37.54628747973894
3130211,신정2동 골목시장(오목교중앙시장),189057,446789,양천구,신정2동,126.876212166544,37.52052197226109
3001491,이태원 관광특구,199498,448311,용산구,이태원1동,126.99432030199267,37.5342999541775
3001492,명동 남대문 북창동 다동 무교동 관광특구,198397,451614,중구,소공동,126.98185622262775,37.564058680496096
3001493,동대문패션타운 관광특구,200996,451976,중구,광희동,127.01127385554352,37.567321142166996
3001494,종로?청계 관광특구,199796,452274,종로구,종로1?2?3?4가동,126.99769081415003,37.57000662482674
3001495,잠실 관광특구,210188,446334,송파구,방이2동,127.11524094253139,37.51643105790915
3001496,강남 마이스 관광특구,205282,445736,강남구,삼성1동,127.05974276727348,37.51108416413466
